term_fee_payment_transaction_id,receipt_number,school_id,branch_id,academic_year_id,student_id,class_id,section_id,fee_category_code,student_term_fee_record_id,term_number,txn_type,amount,payment_method,payment_gateway,gateway_transaction_id,txn_reference,remarks,paid_at,created_by,created_at,row_version
1,TERM-RCPT-0001,1,1,1,1,1,1,TRANSPORT,1,1,PAYMENT,6000.00,CARD,NULL,NULL,TXN-1-1,Mock payment,2026-04-10 10:00:00,1,2026-09-01 10:59:33,0x000000000000382B
2,TERM-RCPT-0002,1,1,1,1,1,1,TRANSPORT,1,2,PAYMENT,3000.00,CARD,NULL,NULL,TXN-1-2,Mock payment,2026-08-10 10:00:00,1,2026-09-01 10:59:33,0x000000000000382C
3,TERM-RCPT-0003,1,1,1,1,1,1,TUITION,2,1,PAYMENT,30000.00,CARD,NULL,NULL,TXN-1-1,Mock payment,2026-04-10 10:00:00,1,2026-09-01 10:59:33,0x000000000000382D
4,TERM-RCPT-0004,1,1,1,1,1,1,TUITION,2,2,PAYMENT,15000.00,CARD,NULL,NULL,TXN-1-2,Mock payment,2026-08-10 10:00:00,1,2026-09-01 10:59:33,0x000000000000382E
5,TERM-RCPT-0005,1,1,1,2,1,2,TRANSPORT,3,1,PAYMENT,6000.00,BANK_TRANSFER,NULL,NULL,TXN-2-1,Mock payment,2026-04-10 10:00:00,1,2026-09-01 10:59:33,0x000000000000382F
6,TERM-RCPT-0006,1,1,1,2,1,2,TRANSPORT,3,2,PAYMENT,6000.00,BANK_TRANSFER,NULL,NULL,TXN-2-2,Mock payment,2026-08-10 10:00:00,1,2026-09-01 10:59:33,0x0000000000003830
7,TERM-RCPT-0007,1,1,1,2,1,2,TUITION,4,1,PAYMENT,30000.00,BANK_TRANSFER,NULL,NULL,TXN-2-1,Mock payment,2026-04-10 10:00:00,1,2026-09-01 10:59:33,0x0000000000003831
8,TERM-RCPT-0008,1,1,1,2,1,2,TUITION,4,2,PAYMENT,30000.00,BANK_TRANSFER,NULL,NULL,TXN-2-2,Mock payment,2026-08-10 10:00:00,1,2026-09-01 10:59:33,0x0000000000003832
9,TERM-RCPT-0009,1,2,1,5,3,5,TRANSPORT,9,1,PAYMENT,6000.00,BANK_TRANSFER,NULL,NULL,TXN-5-1,Mock payment,2026-04-10 10:00:00,1,2026-09-01 10:59:33,0x0000000000003833
10,TERM-RCPT-0010,1,2,1,5,3,5,TRANSPORT,9,2,PAYMENT,3000.00,BANK_TRANSFER,NULL,NULL,TXN-5-2,Mock payment,2026-08-10 10:00:00,1,2026-09-01 10:59:33,0x0000000000003834
11,TERM-RCPT-0011,1,2,1,5,3,5,TUITION,10,1,PAYMENT,30000.00,BANK_TRANSFER,NULL,NULL,TXN-5-1,Mock payment,2026-04-10 10:00:00,1,2026-09-01 10:59:33,0x0000000000003835
12,TERM-RCPT-0012,1,2,1,5,3,5,TUITION,10,2,PAYMENT,15000.00,BANK_TRANSFER,NULL,NULL,TXN-5-2,Mock payment,2026-08-10 10:00:00,1,2026-09-01 10:59:33,0x0000000000003836
13,TERM-RCPT-0013,1,2,1,6,3,6,TRANSPORT,11,1,PAYMENT,6000.00,UPI,RAZORPAY,PAY-6-1,TXN-6-1,Mock payment,2026-04-10 10:00:00,1,2026-09-01 10:59:33,0x0000000000003837
14,TERM-RCPT-0014,1,2,1,6,3,6,TRANSPORT,11,2,PAYMENT,6000.00,UPI,RAZORPAY,PAY-6-2,TXN-6-2,Mock payment,2026-08-10 10:00:00,1,2026-09-01 10:59:33,0x0000000000003838
15,TERM-RCPT-0015,1,2,1,6,3,6,TUITION,12,1,PAYMENT,30000.00,UPI,RAZORPAY,PAY-6-1,TXN-6-1,Mock payment,2026-04-10 10:00:00,1,2026-09-01 10:59:33,0x0000000000003839
16,TERM-RCPT-0016,1,2,1,6,3,6,TUITION,12,2,PAYMENT,30000.00,UPI,RAZORPAY,PAY-6-2,TXN-6-2,Mock payment,2026-08-10 10:00:00,1,2026-09-01 10:59:33,0x000000000000383A
17,TERM-RCPT-0017,2,3,2,9,5,9,TRANSPORT,17,1,PAYMENT,6000.00,UPI,RAZORPAY,PAY-9-1,TXN-9-1,Mock payment,2026-04-10 10:00:00,1,2026-09-01 10:59:33,0x000000000000383B
18,TERM-RCPT-0018,2,3,2,9,5,9,TRANSPORT,17,2,PAYMENT,3000.00,UPI,RAZORPAY,PAY-9-2,TXN-9-2,Mock payment,2026-08-10 10:00:00,1,2026-09-01 10:59:33,0x000000000000383C
19,TERM-RCPT-0019,2,3,2,9,5,9,TUITION,18,1,PAYMENT,30000.00,UPI,RAZORPAY,PAY-9-1,TXN-9-1,Mock payment,2026-04-10 10:00:00,1,2026-09-01 10:59:33,0x000000000000383D
20,TERM-RCPT-0020,2,3,2,9,5,9,TUITION,18,2,PAYMENT,15000.00,UPI,RAZORPAY,PAY-9-2,TXN-9-2,Mock payment,2026-08-10 10:00:00,1,2026-09-01 10:59:33,0x000000000000383E
21,TERM-RCPT-0021,2,3,2,10,5,10,TRANSPORT,19,1,PAYMENT,6000.00,CARD,NULL,NULL,TXN-10-1,Mock payment,2026-04-10 10:00:00,1,2026-09-01 10:59:33,0x000000000000383F
22,TERM-RCPT-0022,2,3,2,10,5,10,TRANSPORT,19,2,PAYMENT,6000.00,CARD,NULL,NULL,TXN-10-2,Mock payment,2026-08-10 10:00:00,1,2026-09-01 10:59:33,0x0000000000003840
23,TERM-RCPT-0023,2,3,2,10,5,10,TUITION,20,1,PAYMENT,30000.00,CARD,NULL,NULL,TXN-10-1,Mock payment,2026-04-10 10:00:00,1,2026-09-01 10:59:33,0x0000000000003841
24,TERM-RCPT-0024,2,3,2,10,5,10,TUITION,20,2,PAYMENT,30000.00,CARD,NULL,NULL,TXN-10-2,Mock payment,2026-08-10 10:00:00,1,2026-09-01 10:59:33,0x0000000000003842
25,TERM-RCPT-0025,2,4,2,13,7,13,TRANSPORT,25,1,PAYMENT,6000.00,CARD,NULL,NULL,TXN-13-1,Mock payment,2026-04-10 10:00:00,1,2026-09-01 10:59:33,0x0000000000003843
26,TERM-RCPT-0026,2,4,2,13,7,13,TRANSPORT,25,2,PAYMENT,3000.00,CARD,NULL,NULL,TXN-13-2,Mock payment,2026-08-10 10:00:00,1,2026-09-01 10:59:33,0x0000000000003844
27,TERM-RCPT-0027,2,4,2,13,7,13,TUITION,26,1,PAYMENT,30000.00,CARD,NULL,NULL,TXN-13-1,Mock payment,2026-04-10 10:00:00,1,2026-09-01 10:59:33,0x0000000000003845
28,TERM-RCPT-0028,2,4,2,13,7,13,TUITION,26,2,PAYMENT,15000.00,CARD,NULL,NULL,TXN-13-2,Mock payment,2026-08-10 10:00:00,1,2026-09-01 10:59:33,0x0000000000003846
29,TERM-RCPT-0029,2,4,2,14,7,14,TRANSPORT,27,1,PAYMENT,6000.00,BANK_TRANSFER,NULL,NULL,TXN-14-1,Mock payment,2026-04-10 10:00:00,1,2026-09-01 10:59:33,0x0000000000003847
30,TERM-RCPT-0030,2,4,2,14,7,14,TRANSPORT,27,2,PAYMENT,6000.00,BANK_TRANSFER,NULL,NULL,TXN-14-2,Mock payment,2026-08-10 10:00:00,1,2026-09-01 10:59:33,0x0000000000003848
31,TERM-RCPT-0031,2,4,2,14,7,14,TUITION,28,1,PAYMENT,30000.00,BANK_TRANSFER,NULL,NULL,TXN-14-1,Mock payment,2026-04-10 10:00:00,1,2026-09-01 10:59:33,0x0000000000003849
32,TERM-RCPT-0032,2,4,2,14,7,14,TUITION,28,2,PAYMENT,30000.00,BANK_TRANSFER,NULL,NULL,TXN-14-2,Mock payment,2026-08-10 10:00:00,1,2026-09-01 10:59:33,0x000000000000384A
33,TERM-RCPT-0033,1,1,1,17,1,1,TRANSPORT,33,1,PAYMENT,6000.00,BANK_TRANSFER,NULL,NULL,TXN-17-1,Mock payment,2026-04-10 10:00:00,1,2026-09-01 10:59:33,0x000000000000384B
34,TERM-RCPT-0034,1,1,1,17,1,1,TRANSPORT,33,2,PAYMENT,3000.00,BANK_TRANSFER,NULL,NULL,TXN-17-2,Mock payment,2026-08-10 10:00:00,1,2026-09-01 10:59:33,0x000000000000384C
35,TERM-RCPT-0035,1,1,1,17,1,1,TUITION,34,1,PAYMENT,30000.00,BANK_TRANSFER,NULL,NULL,TXN-17-1,Mock payment,2026-04-10 10:00:00,1,2026-09-01 10:59:33,0x000000000000384D
36,TERM-RCPT-0036,1,1,1,17,1,1,TUITION,34,2,PAYMENT,15000.00,BANK_TRANSFER,NULL,NULL,TXN-17-2,Mock payment,2026-08-10 10:00:00,1,2026-09-01 10:59:33,0x000000000000384E
37,TERM-RCPT-0037,1,1,1,18,1,2,TRANSPORT,35,1,PAYMENT,6000.00,UPI,RAZORPAY,PAY-18-1,TXN-18-1,Mock payment,2026-04-10 10:00:00,1,2026-09-01 10:59:33,0x000000000000384F
38,TERM-RCPT-0038,1,1,1,18,1,2,TRANSPORT,35,2,PAYMENT,6000.00,UPI,RAZORPAY,PAY-18-2,TXN-18-2,Mock payment,2026-08-10 10:00:00,1,2026-09-01 10:59:33,0x0000000000003850
39,TERM-RCPT-0039,1,1,1,18,1,2,TUITION,36,1,PAYMENT,30000.00,UPI,RAZORPAY,PAY-18-1,TXN-18-1,Mock payment,2026-04-10 10:00:00,1,2026-09-01 10:59:33,0x0000000000003851
40,TERM-RCPT-0040,1,1,1,18,1,2,TUITION,36,2,PAYMENT,30000.00,UPI,RAZORPAY,PAY-18-2,TXN-18-2,Mock payment,2026-08-10 10:00:00,1,2026-09-01 10:59:33,0x0000000000003852
41,TERM-RCPT-0041,1,2,1,21,3,5,TRANSPORT,41,1,PAYMENT,6000.00,UPI,RAZORPAY,PAY-21-1,TXN-21-1,Mock payment,2026-04-10 10:00:00,1,2026-09-01 10:59:33,0x0000000000003853
42,TERM-RCPT-0042,1,2,1,21,3,5,TRANSPORT,41,2,PAYMENT,3000.00,UPI,RAZORPAY,PAY-21-2,TXN-21-2,Mock payment,2026-08-10 10:00:00,1,2026-09-01 10:59:33,0x0000000000003854
43,TERM-RCPT-0043,1,2,1,21,3,5,TUITION,42,1,PAYMENT,30000.00,UPI,RAZORPAY,PAY-21-1,TXN-21-1,Mock payment,2026-04-10 10:00:00,1,2026-09-01 10:59:33,0x0000000000003855
44,TERM-RCPT-0044,1,2,1,21,3,5,TUITION,42,2,PAYMENT,15000.00,UPI,RAZORPAY,PAY-21-2,TXN-21-2,Mock payment,2026-08-10 10:00:00,1,2026-09-01 10:59:33,0x0000000000003856
45,TERM-RCPT-0045,1,2,1,22,3,6,TRANSPORT,43,1,PAYMENT,6000.00,CARD,NULL,NULL,TXN-22-1,Mock payment,2026-04-10 10:00:00,1,2026-09-01 10:59:33,0x0000000000003857
46,TERM-RCPT-0046,1,2,1,22,3,6,TRANSPORT,43,2,PAYMENT,6000.00,CARD,NULL,NULL,TXN-22-2,Mock payment,2026-08-10 10:00:00,1,2026-09-01 10:59:33,0x0000000000003858
47,TERM-RCPT-0047,1,2,1,22,3,6,TUITION,44,1,PAYMENT,30000.00,CARD,NULL,NULL,TXN-22-1,Mock payment,2026-04-10 10:00:00,1,2026-09-01 10:59:33,0x0000000000003859
48,TERM-RCPT-0048,1,2,1,22,3,6,TUITION,44,2,PAYMENT,30000.00,CARD,NULL,NULL,TXN-22-2,Mock payment,2026-08-10 10:00:00,1,2026-09-01 10:59:33,0x000000000000385A
49,TERM-RCPT-0049,2,3,2,25,5,9,TRANSPORT,49,1,PAYMENT,6000.00,CARD,NULL,NULL,TXN-25-1,Mock payment,2026-04-10 10:00:00,1,2026-09-01 10:59:33,0x000000000000385B
50,TERM-RCPT-0050,2,3,2,25,5,9,TRANSPORT,49,2,PAYMENT,3000.00,CARD,NULL,NULL,TXN-25-2,Mock payment,2026-08-10 10:00:00,1,2026-09-01 10:59:33,0x000000000000385C
51,TERM-RCPT-0051,2,3,2,25,5,9,TUITION,50,1,PAYMENT,30000.00,CARD,NULL,NULL,TXN-25-1,Mock payment,2026-04-10 10:00:00,1,2026-09-01 10:59:33,0x000000000000385D
52,TERM-RCPT-0052,2,3,2,25,5,9,TUITION,50,2,PAYMENT,15000.00,CARD,NULL,NULL,TXN-25-2,Mock payment,2026-08-10 10:00:00,1,2026-09-01 10:59:33,0x000000000000385E
53,TERM-RCPT-0053,2,3,2,26,5,10,TRANSPORT,51,1,PAYMENT,6000.00,BANK_TRANSFER,NULL,NULL,TXN-26-1,Mock payment,2026-04-10 10:00:00,1,2026-09-01 10:59:33,0x000000000000385F
54,TERM-RCPT-0054,2,3,2,26,5,10,TRANSPORT,51,2,PAYMENT,6000.00,BANK_TRANSFER,NULL,NULL,TXN-26-2,Mock payment,2026-08-10 10:00:00,1,2026-09-01 10:59:33,0x0000000000003860
55,TERM-RCPT-0055,2,3,2,26,5,10,TUITION,52,1,PAYMENT,30000.00,BANK_TRANSFER,NULL,NULL,TXN-26-1,Mock payment,2026-04-10 10:00:00,1,2026-09-01 10:59:33,0x0000000000003861
56,TERM-RCPT-0056,2,3,2,26,5,10,TUITION,52,2,PAYMENT,30000.00,BANK_TRANSFER,NULL,NULL,TXN-26-2,Mock payment,2026-08-10 10:00:00,1,2026-09-01 10:59:33,0x0000000000003862
57,TERM-RCPT-0057,2,4,2,29,7,13,TRANSPORT,57,1,PAYMENT,6000.00,BANK_TRANSFER,NULL,NULL,TXN-29-1,Mock payment,2026-04-10 10:00:00,1,2026-09-01 10:59:33,0x0000000000003863
58,TERM-RCPT-0058,2,4,2,29,7,13,TRANSPORT,57,2,PAYMENT,3000.00,BANK_TRANSFER,NULL,NULL,TXN-29-2,Mock payment,2026-08-10 10:00:00,1,2026-09-01 10:59:33,0x0000000000003864
59,TERM-RCPT-0059,2,4,2,29,7,13,TUITION,58,1,PAYMENT,30000.00,BANK_TRANSFER,NULL,NULL,TXN-29-1,Mock payment,2026-04-10 10:00:00,1,2026-09-01 10:59:33,0x0000000000003865
60,TERM-RCPT-0060,2,4,2,29,7,13,TUITION,58,2,PAYMENT,15000.00,BANK_TRANSFER,NULL,NULL,TXN-29-2,Mock payment,2026-08-10 10:00:00,1,2026-09-01 10:59:33,0x0000000000003866
61,TERM-RCPT-0061,2,4,2,30,7,14,TRANSPORT,59,1,PAYMENT,6000.00,UPI,RAZORPAY,PAY-30-1,TXN-30-1,Mock payment,2026-04-10 10:00:00,1,2026-09-01 10:59:33,0x0000000000003867
62,TERM-RCPT-0062,2,4,2,30,7,14,TRANSPORT,59,2,PAYMENT,6000.00,UPI,RAZORPAY,PAY-30-2,TXN-30-2,Mock payment,2026-08-10 10:00:00,1,2026-09-01 10:59:33,0x0000000000003868
63,TERM-RCPT-0063,2,4,2,30,7,14,TUITION,60,1,PAYMENT,30000.00,UPI,RAZORPAY,PAY-30-1,TXN-30-1,Mock payment,2026-04-10 10:00:00,1,2026-09-01 10:59:33,0x0000000000003869
64,TERM-RCPT-0064,2,4,2,30,7,14,TUITION,60,2,PAYMENT,30000.00,UPI,RAZORPAY,PAY-30-2,TXN-30-2,Mock payment,2026-08-10 10:00:00,1,2026-09-01 10:59:33,0x000000000000386A
