student_term_fee_record_id,school_id,branch_id,academic_year_id,student_id,class_id,section_id,fee_category_code,assignment_source,fee_structure_term_id,total_amount,scholarship_amount,net_amount,term1_amount,term1_paid,term1_paid_at,term1_due_date,term2_amount,term2_paid,term2_paid_at,term2_due_date,term3_amount,term3_paid,term3_paid_at,term3_due_date,total_paid,balance_amount,next_due_amount,next_due_date,payment_status,remarks,is_active,assigned_at,created_at,created_by,updated_at,updated_by,row_version
1,1,1,1,1,1,1,TRANSPORT,STRUCTURE,2,18000.00,0.00,18000.00,6000.00,6000.00,2026-04-10 00:00:00,2026-04-10,6000.00,3000.00,2026-08-10 00:00:00,2026-08-10,6000.00,0.00,NULL,2026-12-10,9000.00,9000.00,NULL,NULL,PARTIAL,Day scholar transport fee,1,2026-09-01 10:59:33,2026-09-01 10:59:33,1,2026-09-01 10:59:33,NULL,0x000000000000378A
2,1,1,1,1,1,1,TUITION,STRUCTURE,3,90000.00,0.00,90000.00,30000.00,30000.00,2026-04-10 00:00:00,2026-04-10,30000.00,15000.00,2026-08-10 00:00:00,2026-08-10,30000.00,0.00,NULL,2026-12-10,45000.00,45000.00,NULL,NULL,PARTIAL,NULL,1,2026-09-01 10:59:33,2026-09-01 10:59:33,1,2026-09-01 10:59:33,NULL,0x000000000000378B
3,1,1,1,2,1,2,TRANSPORT,STRUCTURE,2,18000.00,0.00,18000.00,6000.00,6000.00,2026-04-10 00:00:00,2026-04-10,6000.00,6000.00,2026-08-10 00:00:00,2026-08-10,6000.00,0.00,NULL,2026-12-10,12000.00,6000.00,NULL,NULL,PARTIAL,Day scholar transport fee,1,2026-09-01 10:59:33,2026-09-01 10:59:33,1,2026-09-01 10:59:33,NULL,0x000000000000378C
4,1,1,1,2,1,2,TUITION,STRUCTURE,3,90000.00,0.00,90000.00,30000.00,30000.00,2026-04-10 00:00:00,2026-04-10,30000.00,30000.00,2026-08-10 00:00:00,2026-08-10,30000.00,0.00,NULL,2026-12-10,60000.00,30000.00,NULL,NULL,PARTIAL,NULL,1,2026-09-01 10:59:33,2026-09-01 10:59:33,1,2026-09-01 10:59:33,NULL,0x000000000000378D
5,1,1,1,3,2,3,TRANSPORT,STRUCTURE,5,18000.00,0.00,18000.00,6000.00,0.00,NULL,2026-04-10,6000.00,0.00,NULL,2026-08-10,6000.00,0.00,NULL,2026-12-10,0.00,18000.00,NULL,NULL,DUE,Day scholar transport fee,1,2026-09-01 10:59:33,2026-09-01 10:59:33,1,2026-09-01 10:59:33,NULL,0x000000000000378E
6,1,1,1,3,2,3,TUITION,STRUCTURE,6,90000.00,0.00,90000.00,30000.00,0.00,NULL,2026-04-10,30000.00,0.00,NULL,2026-08-10,30000.00,0.00,NULL,2026-12-10,0.00,90000.00,NULL,NULL,DUE,NULL,1,2026-09-01 10:59:33,2026-09-01 10:59:33,1,2026-09-01 10:59:33,NULL,0x000000000000378F
7,1,1,1,4,2,4,HOSTEL,STRUCTURE,4,45000.00,0.00,45000.00,15000.00,0.00,NULL,2026-04-10,15000.00,0.00,NULL,2026-08-10,15000.00,0.00,NULL,2026-12-10,0.00,45000.00,NULL,NULL,DUE,Hostel accommodation fee,1,2026-09-01 10:59:33,2026-09-01 10:59:33,1,2026-09-01 10:59:33,NULL,0x0000000000003790
8,1,1,1,4,2,4,TUITION,STRUCTURE,6,90000.00,0.00,90000.00,30000.00,0.00,NULL,2026-04-10,30000.00,0.00,NULL,2026-08-10,30000.00,0.00,NULL,2026-12-10,0.00,90000.00,NULL,NULL,DUE,NULL,1,2026-09-01 10:59:33,2026-09-01 10:59:33,1,2026-09-01 10:59:33,NULL,0x0000000000003791
9,1,2,1,5,3,5,TRANSPORT,STRUCTURE,8,18000.00,0.00,18000.00,6000.00,6000.00,2026-04-10 00:00:00,2026-04-10,6000.00,3000.00,2026-08-10 00:00:00,2026-08-10,6000.00,0.00,NULL,2026-12-10,9000.00,9000.00,NULL,NULL,PARTIAL,Day scholar transport fee,1,2026-09-01 10:59:33,2026-09-01 10:59:33,1,2026-09-01 10:59:33,NULL,0x0000000000003792
10,1,2,1,5,3,5,TUITION,STRUCTURE,9,90000.00,0.00,90000.00,30000.00,30000.00,2026-04-10 00:00:00,2026-04-10,30000.00,15000.00,2026-08-10 00:00:00,2026-08-10,30000.00,0.00,NULL,2026-12-10,45000.00,45000.00,NULL,NULL,PARTIAL,NULL,1,2026-09-01 10:59:33,2026-09-01 10:59:33,1,2026-09-01 10:59:33,NULL,0x0000000000003793
11,1,2,1,6,3,6,TRANSPORT,STRUCTURE,8,18000.00,0.00,18000.00,6000.00,6000.00,2026-04-10 00:00:00,2026-04-10,6000.00,6000.00,2026-08-10 00:00:00,2026-08-10,6000.00,0.00,NULL,2026-12-10,12000.00,6000.00,NULL,NULL,PARTIAL,Day scholar transport fee,1,2026-09-01 10:59:33,2026-09-01 10:59:33,1,2026-09-01 10:59:33,NULL,0x0000000000003794
12,1,2,1,6,3,6,TUITION,STRUCTURE,9,90000.00,0.00,90000.00,30000.00,30000.00,2026-04-10 00:00:00,2026-04-10,30000.00,30000.00,2026-08-10 00:00:00,2026-08-10,30000.00,0.00,NULL,2026-12-10,60000.00,30000.00,NULL,NULL,PARTIAL,NULL,1,2026-09-01 10:59:33,2026-09-01 10:59:33,1,2026-09-01 10:59:33,NULL,0x0000000000003795
13,1,2,1,7,4,7,TRANSPORT,STRUCTURE,11,18000.00,0.00,18000.00,6000.00,0.00,NULL,2026-04-10,6000.00,0.00,NULL,2026-08-10,6000.00,0.00,NULL,2026-12-10,0.00,18000.00,NULL,NULL,DUE,Day scholar transport fee,1,2026-09-01 10:59:33,2026-09-01 10:59:33,1,2026-09-01 10:59:33,NULL,0x0000000000003796
14,1,2,1,7,4,7,TUITION,STRUCTURE,12,90000.00,5000.00,85000.00,30000.00,0.00,NULL,2026-04-10,30000.00,0.00,NULL,2026-08-10,30000.00,0.00,NULL,2026-12-10,0.00,85000.00,NULL,NULL,DUE,NULL,1,2026-09-01 10:59:33,2026-09-01 10:59:33,1,2026-09-01 10:59:33,NULL,0x0000000000003797
15,1,2,1,8,4,8,HOSTEL,STRUCTURE,10,45000.00,0.00,45000.00,15000.00,0.00,NULL,2026-04-10,15000.00,0.00,NULL,2026-08-10,15000.00,0.00,NULL,2026-12-10,0.00,45000.00,NULL,NULL,DUE,Hostel accommodation fee,1,2026-09-01 10:59:33,2026-09-01 10:59:33,1,2026-09-01 10:59:33,NULL,0x0000000000003798
16,1,2,1,8,4,8,TUITION,STRUCTURE,12,90000.00,0.00,90000.00,30000.00,0.00,NULL,2026-04-10,30000.00,0.00,NULL,2026-08-10,30000.00,0.00,NULL,2026-12-10,0.00,90000.00,NULL,NULL,DUE,NULL,1,2026-09-01 10:59:33,2026-09-01 10:59:33,1,2026-09-01 10:59:33,NULL,0x0000000000003799
17,2,3,2,9,5,9,TRANSPORT,STRUCTURE,14,18000.00,0.00,18000.00,6000.00,6000.00,2026-04-10 00:00:00,2026-04-10,6000.00,3000.00,2026-08-10 00:00:00,2026-08-10,6000.00,0.00,NULL,2026-12-10,9000.00,9000.00,NULL,NULL,PARTIAL,Day scholar transport fee,1,2026-09-01 10:59:33,2026-09-01 10:59:33,1,2026-09-01 10:59:33,NULL,0x000000000000379A
18,2,3,2,9,5,9,TUITION,STRUCTURE,15,90000.00,0.00,90000.00,30000.00,30000.00,2026-04-10 00:00:00,2026-04-10,30000.00,15000.00,2026-08-10 00:00:00,2026-08-10,30000.00,0.00,NULL,2026-12-10,45000.00,45000.00,NULL,NULL,PARTIAL,NULL,1,2026-09-01 10:59:33,2026-09-01 10:59:33,1,2026-09-01 10:59:33,NULL,0x000000000000379B
19,2,3,2,10,5,10,TRANSPORT,STRUCTURE,14,18000.00,0.00,18000.00,6000.00,6000.00,2026-04-10 00:00:00,2026-04-10,6000.00,6000.00,2026-08-10 00:00:00,2026-08-10,6000.00,0.00,NULL,2026-12-10,12000.00,6000.00,NULL,NULL,PARTIAL,Day scholar transport fee,1,2026-09-01 10:59:33,2026-09-01 10:59:33,1,2026-09-01 10:59:33,NULL,0x000000000000379C
20,2,3,2,10,5,10,TUITION,STRUCTURE,15,90000.00,0.00,90000.00,30000.00,30000.00,2026-04-10 00:00:00,2026-04-10,30000.00,30000.00,2026-08-10 00:00:00,2026-08-10,30000.00,0.00,NULL,2026-12-10,60000.00,30000.00,NULL,NULL,PARTIAL,NULL,1,2026-09-01 10:59:33,2026-09-01 10:59:33,1,2026-09-01 10:59:33,NULL,0x000000000000379D
21,2,3,2,11,6,11,TRANSPORT,STRUCTURE,17,18000.00,0.00,18000.00,6000.00,0.00,NULL,2026-04-10,6000.00,0.00,NULL,2026-08-10,6000.00,0.00,NULL,2026-12-10,0.00,18000.00,NULL,NULL,DUE,Day scholar transport fee,1,2026-09-01 10:59:33,2026-09-01 10:59:33,1,2026-09-01 10:59:33,NULL,0x000000000000379E
22,2,3,2,11,6,11,TUITION,STRUCTURE,18,90000.00,0.00,90000.00,30000.00,0.00,NULL,2026-04-10,30000.00,0.00,NULL,2026-08-10,30000.00,0.00,NULL,2026-12-10,0.00,90000.00,NULL,NULL,DUE,NULL,1,2026-09-01 10:59:33,2026-09-01 10:59:33,1,2026-09-01 10:59:33,NULL,0x000000000000379F
23,2,3,2,12,6,12,HOSTEL,STRUCTURE,16,45000.00,0.00,45000.00,15000.00,0.00,NULL,2026-04-10,15000.00,0.00,NULL,2026-08-10,15000.00,0.00,NULL,2026-12-10,0.00,45000.00,NULL,NULL,DUE,Hostel accommodation fee,1,2026-09-01 10:59:33,2026-09-01 10:59:33,1,2026-09-01 10:59:33,NULL,0x00000000000037A0
24,2,3,2,12,6,12,TUITION,STRUCTURE,18,90000.00,0.00,90000.00,30000.00,0.00,NULL,2026-04-10,30000.00,0.00,NULL,2026-08-10,30000.00,0.00,NULL,2026-12-10,0.00,90000.00,NULL,NULL,DUE,NULL,1,2026-09-01 10:59:33,2026-09-01 10:59:33,1,2026-09-01 10:59:33,NULL,0x00000000000037A1
25,2,4,2,13,7,13,TRANSPORT,STRUCTURE,20,18000.00,0.00,18000.00,6000.00,6000.00,2026-04-10 00:00:00,2026-04-10,6000.00,3000.00,2026-08-10 00:00:00,2026-08-10,6000.00,0.00,NULL,2026-12-10,9000.00,9000.00,NULL,NULL,PARTIAL,Day scholar transport fee,1,2026-09-01 10:59:33,2026-09-01 10:59:33,1,2026-09-01 10:59:33,NULL,0x00000000000037A2
26,2,4,2,13,7,13,TUITION,STRUCTURE,21,90000.00,0.00,90000.00,30000.00,30000.00,2026-04-10 00:00:00,2026-04-10,30000.00,15000.00,2026-08-10 00:00:00,2026-08-10,30000.00,0.00,NULL,2026-12-10,45000.00,45000.00,NULL,NULL,PARTIAL,NULL,1,2026-09-01 10:59:33,2026-09-01 10:59:33,1,2026-09-01 10:59:33,NULL,0x00000000000037A3
27,2,4,2,14,7,14,TRANSPORT,STRUCTURE,20,18000.00,0.00,18000.00,6000.00,6000.00,2026-04-10 00:00:00,2026-04-10,6000.00,6000.00,2026-08-10 00:00:00,2026-08-10,6000.00,0.00,NULL,2026-12-10,12000.00,6000.00,NULL,NULL,PARTIAL,Day scholar transport fee,1,2026-09-01 10:59:33,2026-09-01 10:59:33,1,2026-09-01 10:59:33,NULL,0x00000000000037A4
28,2,4,2,14,7,14,TUITION,STRUCTURE,21,90000.00,0.00,90000.00,30000.00,30000.00,2026-04-10 00:00:00,2026-04-10,30000.00,30000.00,2026-08-10 00:00:00,2026-08-10,30000.00,0.00,NULL,2026-12-10,60000.00,30000.00,NULL,NULL,PARTIAL,NULL,1,2026-09-01 10:59:33,2026-09-01 10:59:33,1,2026-09-01 10:59:33,NULL,0x00000000000037A5
29,2,4,2,15,8,15,TRANSPORT,STRUCTURE,23,18000.00,0.00,18000.00,6000.00,0.00,NULL,2026-04-10,6000.00,0.00,NULL,2026-08-10,6000.00,0.00,NULL,2026-12-10,0.00,18000.00,NULL,NULL,DUE,Day scholar transport fee,1,2026-09-01 10:59:33,2026-09-01 10:59:33,1,2026-09-01 10:59:33,NULL,0x00000000000037A6
30,2,4,2,15,8,15,TUITION,STRUCTURE,24,90000.00,0.00,90000.00,30000.00,0.00,NULL,2026-04-10,30000.00,0.00,NULL,2026-08-10,30000.00,0.00,NULL,2026-12-10,0.00,90000.00,NULL,NULL,DUE,NULL,1,2026-09-01 10:59:33,2026-09-01 10:59:33,1,2026-09-01 10:59:33,NULL,0x00000000000037A7
31,2,4,2,16,8,16,HOSTEL,STRUCTURE,22,45000.00,0.00,45000.00,15000.00,0.00,NULL,2026-04-10,15000.00,0.00,NULL,2026-08-10,15000.00,0.00,NULL,2026-12-10,0.00,45000.00,NULL,NULL,DUE,Hostel accommodation fee,1,2026-09-01 10:59:33,2026-09-01 10:59:33,1,2026-09-01 10:59:33,NULL,0x00000000000037A8
32,2,4,2,16,8,16,TUITION,STRUCTURE,24,90000.00,0.00,90000.00,30000.00,0.00,NULL,2026-04-10,30000.00,0.00,NULL,2026-08-10,30000.00,0.00,NULL,2026-12-10,0.00,90000.00,NULL,NULL,DUE,NULL,1,2026-09-01 10:59:33,2026-09-01 10:59:33,1,2026-09-01 10:59:33,NULL,0x00000000000037A9
33,1,1,1,17,1,1,TRANSPORT,STRUCTURE,2,18000.00,0.00,18000.00,6000.00,6000.00,2026-04-10 00:00:00,2026-04-10,6000.00,3000.00,2026-08-10 00:00:00,2026-08-10,6000.00,0.00,NULL,2026-12-10,9000.00,9000.00,NULL,NULL,PARTIAL,Day scholar transport fee,1,2026-09-01 10:59:33,2026-09-01 10:59:33,1,2026-09-01 10:59:33,NULL,0x00000000000037AA
34,1,1,1,17,1,1,TUITION,STRUCTURE,3,90000.00,0.00,90000.00,30000.00,30000.00,2026-04-10 00:00:00,2026-04-10,30000.00,15000.00,2026-08-10 00:00:00,2026-08-10,30000.00,0.00,NULL,2026-12-10,45000.00,45000.00,NULL,NULL,PARTIAL,NULL,1,2026-09-01 10:59:33,2026-09-01 10:59:33,1,2026-09-01 10:59:33,NULL,0x00000000000037AB
35,1,1,1,18,1,2,TRANSPORT,STRUCTURE,2,18000.00,0.00,18000.00,6000.00,6000.00,2026-04-10 00:00:00,2026-04-10,6000.00,6000.00,2026-08-10 00:00:00,2026-08-10,6000.00,0.00,NULL,2026-12-10,12000.00,6000.00,NULL,NULL,PARTIAL,Day scholar transport fee,1,2026-09-01 10:59:33,2026-09-01 10:59:33,1,2026-09-01 10:59:33,NULL,0x00000000000037AC
36,1,1,1,18,1,2,TUITION,STRUCTURE,3,90000.00,0.00,90000.00,30000.00,30000.00,2026-04-10 00:00:00,2026-04-10,30000.00,30000.00,2026-08-10 00:00:00,2026-08-10,30000.00,0.00,NULL,2026-12-10,60000.00,30000.00,NULL,NULL,PARTIAL,NULL,1,2026-09-01 10:59:33,2026-09-01 10:59:33,1,2026-09-01 10:59:33,NULL,0x00000000000037AD
37,1,1,1,19,2,3,TRANSPORT,STRUCTURE,5,18000.00,0.00,18000.00,6000.00,0.00,NULL,2026-04-10,6000.00,0.00,NULL,2026-08-10,6000.00,0.00,NULL,2026-12-10,0.00,18000.00,NULL,NULL,DUE,Day scholar transport fee,1,2026-09-01 10:59:33,2026-09-01 10:59:33,1,2026-09-01 10:59:33,NULL,0x00000000000037AE
38,1,1,1,19,2,3,TUITION,STRUCTURE,6,90000.00,0.00,90000.00,30000.00,0.00,NULL,2026-04-10,30000.00,0.00,NULL,2026-08-10,30000.00,0.00,NULL,2026-12-10,0.00,90000.00,NULL,NULL,DUE,NULL,1,2026-09-01 10:59:33,2026-09-01 10:59:33,1,2026-09-01 10:59:33,NULL,0x00000000000037AF
39,1,1,1,20,2,4,HOSTEL,STRUCTURE,4,45000.00,0.00,45000.00,15000.00,0.00,NULL,2026-04-10,15000.00,0.00,NULL,2026-08-10,15000.00,0.00,NULL,2026-12-10,0.00,45000.00,NULL,NULL,DUE,Hostel accommodation fee,1,2026-09-01 10:59:33,2026-09-01 10:59:33,1,2026-09-01 10:59:33,NULL,0x00000000000037B0
40,1,1,1,20,2,4,TUITION,STRUCTURE,6,90000.00,0.00,90000.00,30000.00,0.00,NULL,2026-04-10,30000.00,0.00,NULL,2026-08-10,30000.00,0.00,NULL,2026-12-10,0.00,90000.00,NULL,NULL,DUE,NULL,1,2026-09-01 10:59:33,2026-09-01 10:59:33,1,2026-09-01 10:59:33,NULL,0x00000000000037B1
41,1,2,1,21,3,5,TRANSPORT,STRUCTURE,8,18000.00,0.00,18000.00,6000.00,6000.00,2026-04-10 00:00:00,2026-04-10,6000.00,3000.00,2026-08-10 00:00:00,2026-08-10,6000.00,0.00,NULL,2026-12-10,9000.00,9000.00,NULL,NULL,PARTIAL,Day scholar transport fee,1,2026-09-01 10:59:33,2026-09-01 10:59:33,1,2026-09-01 10:59:33,NULL,0x00000000000037B2
42,1,2,1,21,3,5,TUITION,STRUCTURE,9,90000.00,5000.00,85000.00,30000.00,30000.00,2026-04-10 00:00:00,2026-04-10,30000.00,15000.00,2026-08-10 00:00:00,2026-08-10,30000.00,0.00,NULL,2026-12-10,45000.00,40000.00,NULL,NULL,PARTIAL,NULL,1,2026-09-01 10:59:33,2026-09-01 10:59:33,1,2026-09-01 10:59:33,NULL,0x00000000000037B3
43,1,2,1,22,3,6,TRANSPORT,STRUCTURE,8,18000.00,0.00,18000.00,6000.00,6000.00,2026-04-10 00:00:00,2026-04-10,6000.00,6000.00,2026-08-10 00:00:00,2026-08-10,6000.00,0.00,NULL,2026-12-10,12000.00,6000.00,NULL,NULL,PARTIAL,Day scholar transport fee,1,2026-09-01 10:59:33,2026-09-01 10:59:33,1,2026-09-01 10:59:33,NULL,0x00000000000037B4
44,1,2,1,22,3,6,TUITION,STRUCTURE,9,90000.00,0.00,90000.00,30000.00,30000.00,2026-04-10 00:00:00,2026-04-10,30000.00,30000.00,2026-08-10 00:00:00,2026-08-10,30000.00,0.00,NULL,2026-12-10,60000.00,30000.00,NULL,NULL,PARTIAL,NULL,1,2026-09-01 10:59:33,2026-09-01 10:59:33,1,2026-09-01 10:59:33,NULL,0x00000000000037B5
45,1,2,1,23,4,7,TRANSPORT,STRUCTURE,11,18000.00,0.00,18000.00,6000.00,0.00,NULL,2026-04-10,6000.00,0.00,NULL,2026-08-10,6000.00,0.00,NULL,2026-12-10,0.00,18000.00,NULL,NULL,DUE,Day scholar transport fee,1,2026-09-01 10:59:33,2026-09-01 10:59:33,1,2026-09-01 10:59:33,NULL,0x00000000000037B6
46,1,2,1,23,4,7,TUITION,STRUCTURE,12,90000.00,0.00,90000.00,30000.00,0.00,NULL,2026-04-10,30000.00,0.00,NULL,2026-08-10,30000.00,0.00,NULL,2026-12-10,0.00,90000.00,NULL,NULL,DUE,NULL,1,2026-09-01 10:59:33,2026-09-01 10:59:33,1,2026-09-01 10:59:33,NULL,0x00000000000037B7
47,1,2,1,24,4,8,HOSTEL,STRUCTURE,10,45000.00,0.00,45000.00,15000.00,0.00,NULL,2026-04-10,15000.00,0.00,NULL,2026-08-10,15000.00,0.00,NULL,2026-12-10,0.00,45000.00,NULL,NULL,DUE,Hostel accommodation fee,1,2026-09-01 10:59:33,2026-09-01 10:59:33,1,2026-09-01 10:59:33,NULL,0x00000000000037B8
48,1,2,1,24,4,8,TUITION,STRUCTURE,12,90000.00,0.00,90000.00,30000.00,0.00,NULL,2026-04-10,30000.00,0.00,NULL,2026-08-10,30000.00,0.00,NULL,2026-12-10,0.00,90000.00,NULL,NULL,DUE,NULL,1,2026-09-01 10:59:33,2026-09-01 10:59:33,1,2026-09-01 10:59:33,NULL,0x00000000000037B9
49,2,3,2,25,5,9,TRANSPORT,STRUCTURE,14,18000.00,0.00,18000.00,6000.00,6000.00,2026-04-10 00:00:00,2026-04-10,6000.00,3000.00,2026-08-10 00:00:00,2026-08-10,6000.00,0.00,NULL,2026-12-10,9000.00,9000.00,NULL,NULL,PARTIAL,Day scholar transport fee,1,2026-09-01 10:59:33,2026-09-01 10:59:33,1,2026-09-01 10:59:33,NULL,0x00000000000037BA
50,2,3,2,25,5,9,TUITION,STRUCTURE,15,90000.00,0.00,90000.00,30000.00,30000.00,2026-04-10 00:00:00,2026-04-10,30000.00,15000.00,2026-08-10 00:00:00,2026-08-10,30000.00,0.00,NULL,2026-12-10,45000.00,45000.00,NULL,NULL,PARTIAL,NULL,1,2026-09-01 10:59:33,2026-09-01 10:59:33,1,2026-09-01 10:59:33,NULL,0x00000000000037BB
51,2,3,2,26,5,10,TRANSPORT,STRUCTURE,14,18000.00,0.00,18000.00,6000.00,6000.00,2026-04-10 00:00:00,2026-04-10,6000.00,6000.00,2026-08-10 00:00:00,2026-08-10,6000.00,0.00,NULL,2026-12-10,12000.00,6000.00,NULL,NULL,PARTIAL,Day scholar transport fee,1,2026-09-01 10:59:33,2026-09-01 10:59:33,1,2026-09-01 10:59:33,NULL,0x00000000000037BC
52,2,3,2,26,5,10,TUITION,STRUCTURE,15,90000.00,0.00,90000.00,30000.00,30000.00,2026-04-10 00:00:00,2026-04-10,30000.00,30000.00,2026-08-10 00:00:00,2026-08-10,30000.00,0.00,NULL,2026-12-10,60000.00,30000.00,NULL,NULL,PARTIAL,NULL,1,2026-09-01 10:59:33,2026-09-01 10:59:33,1,2026-09-01 10:59:33,NULL,0x00000000000037BD
53,2,3,2,27,6,11,TRANSPORT,STRUCTURE,17,18000.00,0.00,18000.00,6000.00,0.00,NULL,2026-04-10,6000.00,0.00,NULL,2026-08-10,6000.00,0.00,NULL,2026-12-10,0.00,18000.00,NULL,NULL,DUE,Day scholar transport fee,1,2026-09-01 10:59:33,2026-09-01 10:59:33,1,2026-09-01 10:59:33,NULL,0x00000000000037BE
54,2,3,2,27,6,11,TUITION,STRUCTURE,18,90000.00,0.00,90000.00,30000.00,0.00,NULL,2026-04-10,30000.00,0.00,NULL,2026-08-10,30000.00,0.00,NULL,2026-12-10,0.00,90000.00,NULL,NULL,DUE,NULL,1,2026-09-01 10:59:33,2026-09-01 10:59:33,1,2026-09-01 10:59:33,NULL,0x00000000000037BF
55,2,3,2,28,6,12,HOSTEL,STRUCTURE,16,45000.00,0.00,45000.00,15000.00,0.00,NULL,2026-04-10,15000.00,0.00,NULL,2026-08-10,15000.00,0.00,NULL,2026-12-10,0.00,45000.00,NULL,NULL,DUE,Hostel accommodation fee,1,2026-09-01 10:59:33,2026-09-01 10:59:33,1,2026-09-01 10:59:33,NULL,0x00000000000037C0
56,2,3,2,28,6,12,TUITION,STRUCTURE,18,90000.00,0.00,90000.00,30000.00,0.00,NULL,2026-04-10,30000.00,0.00,NULL,2026-08-10,30000.00,0.00,NULL,2026-12-10,0.00,90000.00,NULL,NULL,DUE,NULL,1,2026-09-01 10:59:33,2026-09-01 10:59:33,1,2026-09-01 10:59:33,NULL,0x00000000000037C1
57,2,4,2,29,7,13,TRANSPORT,STRUCTURE,20,18000.00,0.00,18000.00,6000.00,6000.00,2026-04-10 00:00:00,2026-04-10,6000.00,3000.00,2026-08-10 00:00:00,2026-08-10,6000.00,0.00,NULL,2026-12-10,9000.00,9000.00,NULL,NULL,PARTIAL,Day scholar transport fee,1,2026-09-01 10:59:33,2026-09-01 10:59:33,1,2026-09-01 10:59:33,NULL,0x00000000000037C2
58,2,4,2,29,7,13,TUITION,STRUCTURE,21,90000.00,0.00,90000.00,30000.00,30000.00,2026-04-10 00:00:00,2026-04-10,30000.00,15000.00,2026-08-10 00:00:00,2026-08-10,30000.00,0.00,NULL,2026-12-10,45000.00,45000.00,NULL,NULL,PARTIAL,NULL,1,2026-09-01 10:59:33,2026-09-01 10:59:33,1,2026-09-01 10:59:33,NULL,0x00000000000037C3
59,2,4,2,30,7,14,TRANSPORT,STRUCTURE,20,18000.00,0.00,18000.00,6000.00,6000.00,2026-04-10 00:00:00,2026-04-10,6000.00,6000.00,2026-08-10 00:00:00,2026-08-10,6000.00,0.00,NULL,2026-12-10,12000.00,6000.00,NULL,NULL,PARTIAL,Day scholar transport fee,1,2026-09-01 10:59:33,2026-09-01 10:59:33,1,2026-09-01 10:59:33,NULL,0x00000000000037C4
60,2,4,2,30,7,14,TUITION,STRUCTURE,21,90000.00,0.00,90000.00,30000.00,30000.00,2026-04-10 00:00:00,2026-04-10,30000.00,30000.00,2026-08-10 00:00:00,2026-08-10,30000.00,0.00,NULL,2026-12-10,60000.00,30000.00,NULL,NULL,PARTIAL,NULL,1,2026-09-01 10:59:33,2026-09-01 10:59:33,1,2026-09-01 10:59:33,NULL,0x00000000000037C5
61,2,4,2,31,8,15,TRANSPORT,STRUCTURE,23,18000.00,0.00,18000.00,6000.00,0.00,NULL,2026-04-10,6000.00,0.00,NULL,2026-08-10,6000.00,0.00,NULL,2026-12-10,0.00,18000.00,NULL,NULL,DUE,Day scholar transport fee,1,2026-09-01 10:59:33,2026-09-01 10:59:33,1,2026-09-01 10:59:33,NULL,0x00000000000037C6
62,2,4,2,31,8,15,TUITION,STRUCTURE,24,90000.00,0.00,90000.00,30000.00,0.00,NULL,2026-04-10,30000.00,0.00,NULL,2026-08-10,30000.00,0.00,NULL,2026-12-10,0.00,90000.00,NULL,NULL,DUE,NULL,1,2026-09-01 10:59:33,2026-09-01 10:59:33,1,2026-09-01 10:59:33,NULL,0x00000000000037C7
63,2,4,2,32,8,16,HOSTEL,STRUCTURE,22,45000.00,0.00,45000.00,15000.00,0.00,NULL,2026-04-10,15000.00,0.00,NULL,2026-08-10,15000.00,0.00,NULL,2026-12-10,0.00,45000.00,NULL,NULL,DUE,Hostel accommodation fee,1,2026-09-01 10:59:33,2026-09-01 10:59:33,1,2026-09-01 10:59:33,NULL,0x00000000000037C8
64,2,4,2,32,8,16,TUITION,STRUCTURE,24,90000.00,0.00,90000.00,30000.00,0.00,NULL,2026-04-10,30000.00,0.00,NULL,2026-08-10,30000.00,0.00,NULL,2026-12-10,0.00,90000.00,NULL,NULL,DUE,NULL,1,2026-09-01 10:59:33,2026-09-01 10:59:33,1,2026-09-01 10:59:33,NULL,0x00000000000037C9
