fee_structure_term_id,school_id,branch_id,academic_year_id,class_id,fee_category_code,total_amount,term1_amount,term2_amount,term3_amount,term1_due_date,term2_due_date,term3_due_date,status,is_active,created_at,created_by,updated_at,updated_by,row_version
1,1,1,1,1,HOSTEL,45000.00,15000.00,15000.00,15000.00,2026-04-10,2026-08-10,2026-12-10,ACTIVE,1,2026-09-01 10:59:33,1,2026-09-01 10:59:33,NULL,0x000000000000375A
2,1,1,1,1,TRANSPORT,18000.00,6000.00,6000.00,6000.00,2026-04-10,2026-08-10,2026-12-10,ACTIVE,1,2026-09-01 10:59:33,1,2026-09-01 10:59:33,NULL,0x000000000000375B
3,1,1,1,1,TUITION,90000.00,30000.00,30000.00,30000.00,2026-04-10,2026-08-10,2026-12-10,ACTIVE,1,2026-09-01 10:59:33,1,2026-09-01 10:59:33,NULL,0x000000000000375C
4,1,1,1,2,HOSTEL,45000.00,15000.00,15000.00,15000.00,2026-04-10,2026-08-10,2026-12-10,ACTIVE,1,2026-09-01 10:59:33,1,2026-09-01 10:59:33,NULL,0x000000000000375D
5,1,1,1,2,TRANSPORT,18000.00,6000.00,6000.00,6000.00,2026-04-10,2026-08-10,2026-12-10,ACTIVE,1,2026-09-01 10:59:33,1,2026-09-01 10:59:33,NULL,0x000000000000375E
6,1,1,1,2,TUITION,90000.00,30000.00,30000.00,30000.00,2026-04-10,2026-08-10,2026-12-10,ACTIVE,1,2026-09-01 10:59:33,1,2026-09-01 10:59:33,NULL,0x000000000000375F
7,1,2,1,3,HOSTEL,45000.00,15000.00,15000.00,15000.00,2026-04-10,2026-08-10,2026-12-10,ACTIVE,1,2026-09-01 10:59:33,1,2026-09-01 10:59:33,NULL,0x0000000000003760
8,1,2,1,3,TRANSPORT,18000.00,6000.00,6000.00,6000.00,2026-04-10,2026-08-10,2026-12-10,ACTIVE,1,2026-09-01 10:59:33,1,2026-09-01 10:59:33,NULL,0x0000000000003761
9,1,2,1,3,TUITION,90000.00,30000.00,30000.00,30000.00,2026-04-10,2026-08-10,2026-12-10,ACTIVE,1,2026-09-01 10:59:33,1,2026-09-01 10:59:33,NULL,0x0000000000003762
10,1,2,1,4,HOSTEL,45000.00,15000.00,15000.00,15000.00,2026-04-10,2026-08-10,2026-12-10,ACTIVE,1,2026-09-01 10:59:33,1,2026-09-01 10:59:33,NULL,0x0000000000003763
11,1,2,1,4,TRANSPORT,18000.00,6000.00,6000.00,6000.00,2026-04-10,2026-08-10,2026-12-10,ACTIVE,1,2026-09-01 10:59:33,1,2026-09-01 10:59:33,NULL,0x0000000000003764
12,1,2,1,4,TUITION,90000.00,30000.00,30000.00,30000.00,2026-04-10,2026-08-10,2026-12-10,ACTIVE,1,2026-09-01 10:59:33,1,2026-09-01 10:59:33,NULL,0x0000000000003765
13,2,3,2,5,HOSTEL,45000.00,15000.00,15000.00,15000.00,2026-04-10,2026-08-10,2026-12-10,ACTIVE,1,2026-09-01 10:59:33,1,2026-09-01 10:59:33,NULL,0x0000000000003766
14,2,3,2,5,TRANSPORT,18000.00,6000.00,6000.00,6000.00,2026-04-10,2026-08-10,2026-12-10,ACTIVE,1,2026-09-01 10:59:33,1,2026-09-01 10:59:33,NULL,0x0000000000003767
15,2,3,2,5,TUITION,90000.00,30000.00,30000.00,30000.00,2026-04-10,2026-08-10,2026-12-10,ACTIVE,1,2026-09-01 10:59:33,1,2026-09-01 10:59:33,NULL,0x0000000000003768
16,2,3,2,6,HOSTEL,45000.00,15000.00,15000.00,15000.00,2026-04-10,2026-08-10,2026-12-10,ACTIVE,1,2026-09-01 10:59:33,1,2026-09-01 10:59:33,NULL,0x0000000000003769
17,2,3,2,6,TRANSPORT,18000.00,6000.00,6000.00,6000.00,2026-04-10,2026-08-10,2026-12-10,ACTIVE,1,2026-09-01 10:59:33,1,2026-09-01 10:59:33,NULL,0x000000000000376A
18,2,3,2,6,TUITION,90000.00,30000.00,30000.00,30000.00,2026-04-10,2026-08-10,2026-12-10,ACTIVE,1,2026-09-01 10:59:33,1,2026-09-01 10:59:33,NULL,0x000000000000376B
19,2,4,2,7,HOSTEL,45000.00,15000.00,15000.00,15000.00,2026-04-10,2026-08-10,2026-12-10,ACTIVE,1,2026-09-01 10:59:33,1,2026-09-01 10:59:33,NULL,0x000000000000376C
20,2,4,2,7,TRANSPORT,18000.00,6000.00,6000.00,6000.00,2026-04-10,2026-08-10,2026-12-10,ACTIVE,1,2026-09-01 10:59:33,1,2026-09-01 10:59:33,NULL,0x000000000000376D
21,2,4,2,7,TUITION,90000.00,30000.00,30000.00,30000.00,2026-04-10,2026-08-10,2026-12-10,ACTIVE,1,2026-09-01 10:59:33,1,2026-09-01 10:59:33,NULL,0x000000000000376E
22,2,4,2,8,HOSTEL,45000.00,15000.00,15000.00,15000.00,2026-04-10,2026-08-10,2026-12-10,ACTIVE,1,2026-09-01 10:59:33,1,2026-09-01 10:59:33,NULL,0x000000000000376F
23,2,4,2,8,TRANSPORT,18000.00,6000.00,6000.00,6000.00,2026-04-10,2026-08-10,2026-12-10,ACTIVE,1,2026-09-01 10:59:33,1,2026-09-01 10:59:33,NULL,0x0000000000003770
24,2,4,2,8,TUITION,90000.00,30000.00,30000.00,30000.00,2026-04-10,2026-08-10,2026-12-10,ACTIVE,1,2026-09-01 10:59:33,1,2026-09-01 10:59:33,NULL,0x0000000000003771
