other_fee_payment_transaction_id,receipt_number,school_id,branch_id,academic_year_id,student_id,class_id,section_id,fee_category_code,student_other_fee_record_id,txn_type,amount,payment_method,payment_gateway,gateway_transaction_id,txn_reference,remarks,paid_at,created_by,created_at,row_version
1,OTHER-RCPT-0001,1,1,1,1,1,1,LIBRARY,2,PAYMENT,800.00,CARD,NULL,NULL,OTHER-TXN-2,Mock other-fee payment,2026-08-10 11:00:00,1,2026-09-01 10:59:33,0x000000000000386B
2,OTHER-RCPT-0002,1,1,1,2,1,2,LIBRARY,5,PAYMENT,400.00,UPI,RAZORPAY,OTHER-2,OTHER-TXN-5,Mock other-fee payment,2026-08-10 11:00:00,1,2026-09-01 10:59:33,0x000000000000386C
3,OTHER-RCPT-0003,1,1,1,2,1,2,SPORTS,6,PAYMENT,1000.00,UPI,RAZORPAY,OTHER-2,OTHER-TXN-6,Mock other-fee payment,2026-08-10 11:00:00,1,2026-09-01 10:59:33,0x000000000000386D
4,OTHER-RCPT-0004,1,1,1,3,2,3,EXAM,7,PAYMENT,1500.00,CARD,NULL,NULL,OTHER-TXN-7,Mock other-fee payment,2026-08-10 11:00:00,1,2026-09-01 10:59:33,0x000000000000386E
5,OTHER-RCPT-0005,1,1,1,3,2,3,SPORTS,9,PAYMENT,500.00,CARD,NULL,NULL,OTHER-TXN-9,Mock other-fee payment,2026-08-10 11:00:00,1,2026-09-01 10:59:33,0x000000000000386F
6,OTHER-RCPT-0006,1,1,1,4,2,4,EXAM,10,PAYMENT,750.00,UPI,RAZORPAY,OTHER-4,OTHER-TXN-10,Mock other-fee payment,2026-08-10 11:00:00,1,2026-09-01 10:59:33,0x0000000000003870
7,OTHER-RCPT-0007,1,2,1,5,3,5,LIBRARY,14,PAYMENT,800.00,CARD,NULL,NULL,OTHER-TXN-14,Mock other-fee payment,2026-08-10 11:00:00,1,2026-09-01 10:59:33,0x0000000000003871
8,OTHER-RCPT-0008,1,2,1,6,3,6,LIBRARY,17,PAYMENT,400.00,UPI,RAZORPAY,OTHER-6,OTHER-TXN-17,Mock other-fee payment,2026-08-10 11:00:00,1,2026-09-01 10:59:33,0x0000000000003872
9,OTHER-RCPT-0009,1,2,1,6,3,6,SPORTS,18,PAYMENT,1000.00,UPI,RAZORPAY,OTHER-6,OTHER-TXN-18,Mock other-fee payment,2026-08-10 11:00:00,1,2026-09-01 10:59:33,0x0000000000003873
10,OTHER-RCPT-0010,1,2,1,7,4,7,EXAM,19,PAYMENT,1500.00,CARD,NULL,NULL,OTHER-TXN-19,Mock other-fee payment,2026-08-10 11:00:00,1,2026-09-01 10:59:33,0x0000000000003874
11,OTHER-RCPT-0011,1,2,1,7,4,7,SPORTS,21,PAYMENT,500.00,CARD,NULL,NULL,OTHER-TXN-21,Mock other-fee payment,2026-08-10 11:00:00,1,2026-09-01 10:59:33,0x0000000000003875
12,OTHER-RCPT-0012,1,2,1,8,4,8,EXAM,22,PAYMENT,750.00,UPI,RAZORPAY,OTHER-8,OTHER-TXN-22,Mock other-fee payment,2026-08-10 11:00:00,1,2026-09-01 10:59:33,0x0000000000003876
13,OTHER-RCPT-0013,2,3,2,9,5,9,LIBRARY,26,PAYMENT,800.00,CARD,NULL,NULL,OTHER-TXN-26,Mock other-fee payment,2026-08-10 11:00:00,1,2026-09-01 10:59:33,0x0000000000003877
14,OTHER-RCPT-0014,2,3,2,10,5,10,LIBRARY,29,PAYMENT,400.00,UPI,RAZORPAY,OTHER-10,OTHER-TXN-29,Mock other-fee payment,2026-08-10 11:00:00,1,2026-09-01 10:59:33,0x0000000000003878
15,OTHER-RCPT-0015,2,3,2,10,5,10,SPORTS,30,PAYMENT,1000.00,UPI,RAZORPAY,OTHER-10,OTHER-TXN-30,Mock other-fee payment,2026-08-10 11:00:00,1,2026-09-01 10:59:33,0x0000000000003879
16,OTHER-RCPT-0016,2,3,2,11,6,11,EXAM,31,PAYMENT,1500.00,CARD,NULL,NULL,OTHER-TXN-31,Mock other-fee payment,2026-08-10 11:00:00,1,2026-09-01 10:59:33,0x000000000000387A
17,OTHER-RCPT-0017,2,3,2,11,6,11,SPORTS,33,PAYMENT,500.00,CARD,NULL,NULL,OTHER-TXN-33,Mock other-fee payment,2026-08-10 11:00:00,1,2026-09-01 10:59:33,0x000000000000387B
18,OTHER-RCPT-0018,2,3,2,12,6,12,EXAM,34,PAYMENT,750.00,UPI,RAZORPAY,OTHER-12,OTHER-TXN-34,Mock other-fee payment,2026-08-10 11:00:00,1,2026-09-01 10:59:33,0x000000000000387C
19,OTHER-RCPT-0019,2,4,2,13,7,13,LIBRARY,38,PAYMENT,800.00,CARD,NULL,NULL,OTHER-TXN-38,Mock other-fee payment,2026-08-10 11:00:00,1,2026-09-01 10:59:33,0x000000000000387D
20,OTHER-RCPT-0020,2,4,2,14,7,14,LIBRARY,41,PAYMENT,400.00,UPI,RAZORPAY,OTHER-14,OTHER-TXN-41,Mock other-fee payment,2026-08-10 11:00:00,1,2026-09-01 10:59:33,0x000000000000387E
21,OTHER-RCPT-0021,2,4,2,14,7,14,SPORTS,42,PAYMENT,1000.00,UPI,RAZORPAY,OTHER-14,OTHER-TXN-42,Mock other-fee payment,2026-08-10 11:00:00,1,2026-09-01 10:59:33,0x000000000000387F
22,OTHER-RCPT-0022,2,4,2,15,8,15,EXAM,43,PAYMENT,1500.00,CARD,NULL,NULL,OTHER-TXN-43,Mock other-fee payment,2026-08-10 11:00:00,1,2026-09-01 10:59:33,0x0000000000003880
23,OTHER-RCPT-0023,2,4,2,15,8,15,SPORTS,45,PAYMENT,500.00,CARD,NULL,NULL,OTHER-TXN-45,Mock other-fee payment,2026-08-10 11:00:00,1,2026-09-01 10:59:33,0x0000000000003881
24,OTHER-RCPT-0024,2,4,2,16,8,16,EXAM,46,PAYMENT,750.00,UPI,RAZORPAY,OTHER-16,OTHER-TXN-46,Mock other-fee payment,2026-08-10 11:00:00,1,2026-09-01 10:59:33,0x0000000000003882
25,OTHER-RCPT-0025,1,1,1,17,1,1,LIBRARY,50,PAYMENT,800.00,CARD,NULL,NULL,OTHER-TXN-50,Mock other-fee payment,2026-08-10 11:00:00,1,2026-09-01 10:59:33,0x0000000000003883
26,OTHER-RCPT-0026,1,1,1,18,1,2,LIBRARY,53,PAYMENT,400.00,UPI,RAZORPAY,OTHER-18,OTHER-TXN-53,Mock other-fee payment,2026-08-10 11:00:00,1,2026-09-01 10:59:33,0x0000000000003884
27,OTHER-RCPT-0027,1,1,1,18,1,2,SPORTS,54,PAYMENT,1000.00,UPI,RAZORPAY,OTHER-18,OTHER-TXN-54,Mock other-fee payment,2026-08-10 11:00:00,1,2026-09-01 10:59:33,0x0000000000003885
28,OTHER-RCPT-0028,1,1,1,19,2,3,EXAM,55,PAYMENT,1500.00,CARD,NULL,NULL,OTHER-TXN-55,Mock other-fee payment,2026-08-10 11:00:00,1,2026-09-01 10:59:33,0x0000000000003886
29,OTHER-RCPT-0029,1,1,1,19,2,3,SPORTS,57,PAYMENT,500.00,CARD,NULL,NULL,OTHER-TXN-57,Mock other-fee payment,2026-08-10 11:00:00,1,2026-09-01 10:59:33,0x0000000000003887
30,OTHER-RCPT-0030,1,1,1,20,2,4,EXAM,58,PAYMENT,750.00,UPI,RAZORPAY,OTHER-20,OTHER-TXN-58,Mock other-fee payment,2026-08-10 11:00:00,1,2026-09-01 10:59:33,0x0000000000003888
31,OTHER-RCPT-0031,1,2,1,21,3,5,LIBRARY,62,PAYMENT,800.00,CARD,NULL,NULL,OTHER-TXN-62,Mock other-fee payment,2026-08-10 11:00:00,1,2026-09-01 10:59:33,0x0000000000003889
32,OTHER-RCPT-0032,1,2,1,22,3,6,LIBRARY,65,PAYMENT,400.00,UPI,RAZORPAY,OTHER-22,OTHER-TXN-65,Mock other-fee payment,2026-08-10 11:00:00,1,2026-09-01 10:59:33,0x000000000000388A
33,OTHER-RCPT-0033,1,2,1,22,3,6,SPORTS,66,PAYMENT,1000.00,UPI,RAZORPAY,OTHER-22,OTHER-TXN-66,Mock other-fee payment,2026-08-10 11:00:00,1,2026-09-01 10:59:33,0x000000000000388B
34,OTHER-RCPT-0034,1,2,1,23,4,7,EXAM,67,PAYMENT,1500.00,CARD,NULL,NULL,OTHER-TXN-67,Mock other-fee payment,2026-08-10 11:00:00,1,2026-09-01 10:59:33,0x000000000000388C
35,OTHER-RCPT-0035,1,2,1,23,4,7,SPORTS,69,PAYMENT,500.00,CARD,NULL,NULL,OTHER-TXN-69,Mock other-fee payment,2026-08-10 11:00:00,1,2026-09-01 10:59:33,0x000000000000388D
36,OTHER-RCPT-0036,1,2,1,24,4,8,EXAM,70,PAYMENT,750.00,UPI,RAZORPAY,OTHER-24,OTHER-TXN-70,Mock other-fee payment,2026-08-10 11:00:00,1,2026-09-01 10:59:33,0x000000000000388E
37,OTHER-RCPT-0037,2,3,2,25,5,9,LIBRARY,74,PAYMENT,800.00,CARD,NULL,NULL,OTHER-TXN-74,Mock other-fee payment,2026-08-10 11:00:00,1,2026-09-01 10:59:33,0x000000000000388F
38,OTHER-RCPT-0038,2,3,2,26,5,10,LIBRARY,77,PAYMENT,400.00,UPI,RAZORPAY,OTHER-26,OTHER-TXN-77,Mock other-fee payment,2026-08-10 11:00:00,1,2026-09-01 10:59:33,0x0000000000003890
39,OTHER-RCPT-0039,2,3,2,26,5,10,SPORTS,78,PAYMENT,1000.00,UPI,RAZORPAY,OTHER-26,OTHER-TXN-78,Mock other-fee payment,2026-08-10 11:00:00,1,2026-09-01 10:59:33,0x0000000000003891
40,OTHER-RCPT-0040,2,3,2,27,6,11,EXAM,79,PAYMENT,1500.00,CARD,NULL,NULL,OTHER-TXN-79,Mock other-fee payment,2026-08-10 11:00:00,1,2026-09-01 10:59:33,0x0000000000003892
41,OTHER-RCPT-0041,2,3,2,27,6,11,SPORTS,81,PAYMENT,500.00,CARD,NULL,NULL,OTHER-TXN-81,Mock other-fee payment,2026-08-10 11:00:00,1,2026-09-01 10:59:33,0x0000000000003893
42,OTHER-RCPT-0042,2,3,2,28,6,12,EXAM,82,PAYMENT,750.00,UPI,RAZORPAY,OTHER-28,OTHER-TXN-82,Mock other-fee payment,2026-08-10 11:00:00,1,2026-09-01 10:59:33,0x0000000000003894
43,OTHER-RCPT-0043,2,4,2,29,7,13,LIBRARY,86,PAYMENT,800.00,CARD,NULL,NULL,OTHER-TXN-86,Mock other-fee payment,2026-08-10 11:00:00,1,2026-09-01 10:59:33,0x0000000000003895
44,OTHER-RCPT-0044,2,4,2,30,7,14,LIBRARY,89,PAYMENT,400.00,UPI,RAZORPAY,OTHER-30,OTHER-TXN-89,Mock other-fee payment,2026-08-10 11:00:00,1,2026-09-01 10:59:33,0x0000000000003896
45,OTHER-RCPT-0045,2,4,2,30,7,14,SPORTS,90,PAYMENT,1000.00,UPI,RAZORPAY,OTHER-30,OTHER-TXN-90,Mock other-fee payment,2026-08-10 11:00:00,1,2026-09-01 10:59:33,0x0000000000003897
46,OTHER-RCPT-0046,2,4,2,31,8,15,EXAM,91,PAYMENT,1500.00,CARD,NULL,NULL,OTHER-TXN-91,Mock other-fee payment,2026-08-10 11:00:00,1,2026-09-01 10:59:33,0x0000000000003898
47,OTHER-RCPT-0047,2,4,2,31,8,15,SPORTS,93,PAYMENT,500.00,CARD,NULL,NULL,OTHER-TXN-93,Mock other-fee payment,2026-08-10 11:00:00,1,2026-09-01 10:59:33,0x0000000000003899
48,OTHER-RCPT-0048,2,4,2,32,8,16,EXAM,94,PAYMENT,750.00,UPI,RAZORPAY,OTHER-32,OTHER-TXN-94,Mock other-fee payment,2026-08-10 11:00:00,1,2026-09-01 10:59:33,0x000000000000389A
