student_other_fee_record_id,school_id,branch_id,academic_year_id,student_id,class_id,section_id,fee_category_code,assignment_source,fee_structure_other_id,total_amount,scholarship_amount,net_amount,total_paid,balance_amount,due_date,next_due_amount,payment_status,remarks,is_active,assigned_at,created_at,created_by,updated_at,updated_by,row_version
1,1,1,1,1,1,1,EXAM,STRUCTURE,1,1500.00,0.00,1500.00,0.00,1500.00,2026-08-10,1500.00,DUE,Other fee mock record,1,2026-09-01 10:59:33,2026-09-01 10:59:33,1,2026-09-01 10:59:33,NULL,0x00000000000037CA
2,1,1,1,1,1,1,LIBRARY,STRUCTURE,2,800.00,0.00,800.00,800.00,0.00,2026-08-10,0.00,PAID,Other fee mock record,1,2026-09-01 10:59:33,2026-09-01 10:59:33,1,2026-09-01 10:59:33,NULL,0x00000000000037CB
3,1,1,1,1,1,1,SPORTS,STRUCTURE,3,1000.00,0.00,1000.00,0.00,1000.00,2026-08-10,1000.00,DUE,Other fee mock record,1,2026-09-01 10:59:33,2026-09-01 10:59:33,1,2026-09-01 10:59:33,NULL,0x00000000000037CC
4,1,1,1,2,1,2,EXAM,STRUCTURE,1,1500.00,0.00,1500.00,0.00,1500.00,2026-08-10,1500.00,DUE,Other fee mock record,1,2026-09-01 10:59:33,2026-09-01 10:59:33,1,2026-09-01 10:59:33,NULL,0x00000000000037CD
5,1,1,1,2,1,2,LIBRARY,STRUCTURE,2,800.00,0.00,800.00,400.00,400.00,2026-08-10,400.00,PARTIAL,Other fee mock record,1,2026-09-01 10:59:33,2026-09-01 10:59:33,1,2026-09-01 10:59:33,NULL,0x00000000000037CE
6,1,1,1,2,1,2,SPORTS,STRUCTURE,3,1000.00,0.00,1000.00,1000.00,0.00,2026-08-10,0.00,PAID,Other fee mock record,1,2026-09-01 10:59:33,2026-09-01 10:59:33,1,2026-09-01 10:59:33,NULL,0x00000000000037CF
7,1,1,1,3,2,3,EXAM,STRUCTURE,4,1500.00,0.00,1500.00,1500.00,0.00,2026-08-10,0.00,PAID,Other fee mock record,1,2026-09-01 10:59:33,2026-09-01 10:59:33,1,2026-09-01 10:59:33,NULL,0x00000000000037D0
8,1,1,1,3,2,3,LIBRARY,STRUCTURE,5,800.00,0.00,800.00,0.00,800.00,2026-08-10,800.00,DUE,Other fee mock record,1,2026-09-01 10:59:33,2026-09-01 10:59:33,1,2026-09-01 10:59:33,NULL,0x00000000000037D1
9,1,1,1,3,2,3,SPORTS,STRUCTURE,6,1000.00,0.00,1000.00,500.00,500.00,2026-08-10,500.00,PARTIAL,Other fee mock record,1,2026-09-01 10:59:33,2026-09-01 10:59:33,1,2026-09-01 10:59:33,NULL,0x00000000000037D2
10,1,1,1,4,2,4,EXAM,STRUCTURE,4,1500.00,0.00,1500.00,750.00,750.00,2026-08-10,750.00,PARTIAL,Other fee mock record,1,2026-09-01 10:59:33,2026-09-01 10:59:33,1,2026-09-01 10:59:33,NULL,0x00000000000037D3
11,1,1,1,4,2,4,LIBRARY,STRUCTURE,5,800.00,0.00,800.00,0.00,800.00,2026-08-10,800.00,DUE,Other fee mock record,1,2026-09-01 10:59:33,2026-09-01 10:59:33,1,2026-09-01 10:59:33,NULL,0x00000000000037D4
12,1,1,1,4,2,4,SPORTS,STRUCTURE,6,1000.00,0.00,1000.00,0.00,1000.00,2026-08-10,1000.00,DUE,Other fee mock record,1,2026-09-01 10:59:33,2026-09-01 10:59:33,1,2026-09-01 10:59:33,NULL,0x00000000000037D5
13,1,2,1,5,3,5,EXAM,STRUCTURE,7,1500.00,0.00,1500.00,0.00,1500.00,2026-08-10,1500.00,DUE,Other fee mock record,1,2026-09-01 10:59:33,2026-09-01 10:59:33,1,2026-09-01 10:59:33,NULL,0x00000000000037D6
14,1,2,1,5,3,5,LIBRARY,STRUCTURE,8,800.00,0.00,800.00,800.00,0.00,2026-08-10,0.00,PAID,Other fee mock record,1,2026-09-01 10:59:33,2026-09-01 10:59:33,1,2026-09-01 10:59:33,NULL,0x00000000000037D7
15,1,2,1,5,3,5,SPORTS,STRUCTURE,9,1000.00,0.00,1000.00,0.00,1000.00,2026-08-10,1000.00,DUE,Other fee mock record,1,2026-09-01 10:59:33,2026-09-01 10:59:33,1,2026-09-01 10:59:33,NULL,0x00000000000037D8
16,1,2,1,6,3,6,EXAM,STRUCTURE,7,1500.00,0.00,1500.00,0.00,1500.00,2026-08-10,1500.00,DUE,Other fee mock record,1,2026-09-01 10:59:33,2026-09-01 10:59:33,1,2026-09-01 10:59:33,NULL,0x00000000000037D9
17,1,2,1,6,3,6,LIBRARY,STRUCTURE,8,800.00,0.00,800.00,400.00,400.00,2026-08-10,400.00,PARTIAL,Other fee mock record,1,2026-09-01 10:59:33,2026-09-01 10:59:33,1,2026-09-01 10:59:33,NULL,0x00000000000037DA
18,1,2,1,6,3,6,SPORTS,STRUCTURE,9,1000.00,0.00,1000.00,1000.00,0.00,2026-08-10,0.00,PAID,Other fee mock record,1,2026-09-01 10:59:33,2026-09-01 10:59:33,1,2026-09-01 10:59:33,NULL,0x00000000000037DB
19,1,2,1,7,4,7,EXAM,STRUCTURE,10,1500.00,0.00,1500.00,1500.00,0.00,2026-08-10,0.00,PAID,Other fee mock record,1,2026-09-01 10:59:33,2026-09-01 10:59:33,1,2026-09-01 10:59:33,NULL,0x00000000000037DC
20,1,2,1,7,4,7,LIBRARY,STRUCTURE,11,800.00,0.00,800.00,0.00,800.00,2026-08-10,800.00,DUE,Other fee mock record,1,2026-09-01 10:59:33,2026-09-01 10:59:33,1,2026-09-01 10:59:33,NULL,0x00000000000037DD
21,1,2,1,7,4,7,SPORTS,STRUCTURE,12,1000.00,0.00,1000.00,500.00,500.00,2026-08-10,500.00,PARTIAL,Other fee mock record,1,2026-09-01 10:59:33,2026-09-01 10:59:33,1,2026-09-01 10:59:33,NULL,0x00000000000037DE
22,1,2,1,8,4,8,EXAM,STRUCTURE,10,1500.00,0.00,1500.00,750.00,750.00,2026-08-10,750.00,PARTIAL,Other fee mock record,1,2026-09-01 10:59:33,2026-09-01 10:59:33,1,2026-09-01 10:59:33,NULL,0x00000000000037DF
23,1,2,1,8,4,8,LIBRARY,STRUCTURE,11,800.00,0.00,800.00,0.00,800.00,2026-08-10,800.00,DUE,Other fee mock record,1,2026-09-01 10:59:33,2026-09-01 10:59:33,1,2026-09-01 10:59:33,NULL,0x00000000000037E0
24,1,2,1,8,4,8,SPORTS,STRUCTURE,12,1000.00,0.00,1000.00,0.00,1000.00,2026-08-10,1000.00,DUE,Other fee mock record,1,2026-09-01 10:59:33,2026-09-01 10:59:33,1,2026-09-01 10:59:33,NULL,0x00000000000037E1
25,2,3,2,9,5,9,EXAM,STRUCTURE,13,1500.00,0.00,1500.00,0.00,1500.00,2026-08-10,1500.00,DUE,Other fee mock record,1,2026-09-01 10:59:33,2026-09-01 10:59:33,1,2026-09-01 10:59:33,NULL,0x00000000000037E2
26,2,3,2,9,5,9,LIBRARY,STRUCTURE,14,800.00,0.00,800.00,800.00,0.00,2026-08-10,0.00,PAID,Other fee mock record,1,2026-09-01 10:59:33,2026-09-01 10:59:33,1,2026-09-01 10:59:33,NULL,0x00000000000037E3
27,2,3,2,9,5,9,SPORTS,STRUCTURE,15,1000.00,0.00,1000.00,0.00,1000.00,2026-08-10,1000.00,DUE,Other fee mock record,1,2026-09-01 10:59:33,2026-09-01 10:59:33,1,2026-09-01 10:59:33,NULL,0x00000000000037E4
28,2,3,2,10,5,10,EXAM,STRUCTURE,13,1500.00,0.00,1500.00,0.00,1500.00,2026-08-10,1500.00,DUE,Other fee mock record,1,2026-09-01 10:59:33,2026-09-01 10:59:33,1,2026-09-01 10:59:33,NULL,0x00000000000037E5
29,2,3,2,10,5,10,LIBRARY,STRUCTURE,14,800.00,0.00,800.00,400.00,400.00,2026-08-10,400.00,PARTIAL,Other fee mock record,1,2026-09-01 10:59:33,2026-09-01 10:59:33,1,2026-09-01 10:59:33,NULL,0x00000000000037E6
30,2,3,2,10,5,10,SPORTS,STRUCTURE,15,1000.00,0.00,1000.00,1000.00,0.00,2026-08-10,0.00,PAID,Other fee mock record,1,2026-09-01 10:59:33,2026-09-01 10:59:33,1,2026-09-01 10:59:33,NULL,0x00000000000037E7
31,2,3,2,11,6,11,EXAM,STRUCTURE,16,1500.00,0.00,1500.00,1500.00,0.00,2026-08-10,0.00,PAID,Other fee mock record,1,2026-09-01 10:59:33,2026-09-01 10:59:33,1,2026-09-01 10:59:33,NULL,0x00000000000037E8
32,2,3,2,11,6,11,LIBRARY,STRUCTURE,17,800.00,0.00,800.00,0.00,800.00,2026-08-10,800.00,DUE,Other fee mock record,1,2026-09-01 10:59:33,2026-09-01 10:59:33,1,2026-09-01 10:59:33,NULL,0x00000000000037E9
33,2,3,2,11,6,11,SPORTS,STRUCTURE,18,1000.00,0.00,1000.00,500.00,500.00,2026-08-10,500.00,PARTIAL,Other fee mock record,1,2026-09-01 10:59:33,2026-09-01 10:59:33,1,2026-09-01 10:59:33,NULL,0x00000000000037EA
34,2,3,2,12,6,12,EXAM,STRUCTURE,16,1500.00,0.00,1500.00,750.00,750.00,2026-08-10,750.00,PARTIAL,Other fee mock record,1,2026-09-01 10:59:33,2026-09-01 10:59:33,1,2026-09-01 10:59:33,NULL,0x00000000000037EB
35,2,3,2,12,6,12,LIBRARY,STRUCTURE,17,800.00,0.00,800.00,0.00,800.00,2026-08-10,800.00,DUE,Other fee mock record,1,2026-09-01 10:59:33,2026-09-01 10:59:33,1,2026-09-01 10:59:33,NULL,0x00000000000037EC
36,2,3,2,12,6,12,SPORTS,STRUCTURE,18,1000.00,0.00,1000.00,0.00,1000.00,2026-08-10,1000.00,DUE,Other fee mock record,1,2026-09-01 10:59:33,2026-09-01 10:59:33,1,2026-09-01 10:59:33,NULL,0x00000000000037ED
37,2,4,2,13,7,13,EXAM,STRUCTURE,19,1500.00,0.00,1500.00,0.00,1500.00,2026-08-10,1500.00,DUE,Other fee mock record,1,2026-09-01 10:59:33,2026-09-01 10:59:33,1,2026-09-01 10:59:33,NULL,0x00000000000037EE
38,2,4,2,13,7,13,LIBRARY,STRUCTURE,20,800.00,0.00,800.00,800.00,0.00,2026-08-10,0.00,PAID,Other fee mock record,1,2026-09-01 10:59:33,2026-09-01 10:59:33,1,2026-09-01 10:59:33,NULL,0x00000000000037EF
39,2,4,2,13,7,13,SPORTS,STRUCTURE,21,1000.00,0.00,1000.00,0.00,1000.00,2026-08-10,1000.00,DUE,Other fee mock record,1,2026-09-01 10:59:33,2026-09-01 10:59:33,1,2026-09-01 10:59:33,NULL,0x00000000000037F0
40,2,4,2,14,7,14,EXAM,STRUCTURE,19,1500.00,0.00,1500.00,0.00,1500.00,2026-08-10,1500.00,DUE,Other fee mock record,1,2026-09-01 10:59:33,2026-09-01 10:59:33,1,2026-09-01 10:59:33,NULL,0x00000000000037F1
41,2,4,2,14,7,14,LIBRARY,STRUCTURE,20,800.00,0.00,800.00,400.00,400.00,2026-08-10,400.00,PARTIAL,Other fee mock record,1,2026-09-01 10:59:33,2026-09-01 10:59:33,1,2026-09-01 10:59:33,NULL,0x00000000000037F2
42,2,4,2,14,7,14,SPORTS,STRUCTURE,21,1000.00,0.00,1000.00,1000.00,0.00,2026-08-10,0.00,PAID,Other fee mock record,1,2026-09-01 10:59:33,2026-09-01 10:59:33,1,2026-09-01 10:59:33,NULL,0x00000000000037F3
43,2,4,2,15,8,15,EXAM,STRUCTURE,22,1500.00,0.00,1500.00,1500.00,0.00,2026-08-10,0.00,PAID,Other fee mock record,1,2026-09-01 10:59:33,2026-09-01 10:59:33,1,2026-09-01 10:59:33,NULL,0x00000000000037F4
44,2,4,2,15,8,15,LIBRARY,STRUCTURE,23,800.00,0.00,800.00,0.00,800.00,2026-08-10,800.00,DUE,Other fee mock record,1,2026-09-01 10:59:33,2026-09-01 10:59:33,1,2026-09-01 10:59:33,NULL,0x00000000000037F5
45,2,4,2,15,8,15,SPORTS,STRUCTURE,24,1000.00,0.00,1000.00,500.00,500.00,2026-08-10,500.00,PARTIAL,Other fee mock record,1,2026-09-01 10:59:33,2026-09-01 10:59:33,1,2026-09-01 10:59:33,NULL,0x00000000000037F6
46,2,4,2,16,8,16,EXAM,STRUCTURE,22,1500.00,0.00,1500.00,750.00,750.00,2026-08-10,750.00,PARTIAL,Other fee mock record,1,2026-09-01 10:59:33,2026-09-01 10:59:33,1,2026-09-01 10:59:33,NULL,0x00000000000037F7
47,2,4,2,16,8,16,LIBRARY,STRUCTURE,23,800.00,0.00,800.00,0.00,800.00,2026-08-10,800.00,DUE,Other fee mock record,1,2026-09-01 10:59:33,2026-09-01 10:59:33,1,2026-09-01 10:59:33,NULL,0x00000000000037F8
48,2,4,2,16,8,16,SPORTS,STRUCTURE,24,1000.00,0.00,1000.00,0.00,1000.00,2026-08-10,1000.00,DUE,Other fee mock record,1,2026-09-01 10:59:33,2026-09-01 10:59:33,1,2026-09-01 10:59:33,NULL,0x00000000000037F9
49,1,1,1,17,1,1,EXAM,STRUCTURE,1,1500.00,0.00,1500.00,0.00,1500.00,2026-08-10,1500.00,DUE,Other fee mock record,1,2026-09-01 10:59:33,2026-09-01 10:59:33,1,2026-09-01 10:59:33,NULL,0x00000000000037FA
50,1,1,1,17,1,1,LIBRARY,STRUCTURE,2,800.00,0.00,800.00,800.00,0.00,2026-08-10,0.00,PAID,Other fee mock record,1,2026-09-01 10:59:33,2026-09-01 10:59:33,1,2026-09-01 10:59:33,NULL,0x00000000000037FB
51,1,1,1,17,1,1,SPORTS,STRUCTURE,3,1000.00,0.00,1000.00,0.00,1000.00,2026-08-10,1000.00,DUE,Other fee mock record,1,2026-09-01 10:59:33,2026-09-01 10:59:33,1,2026-09-01 10:59:33,NULL,0x00000000000037FC
52,1,1,1,18,1,2,EXAM,STRUCTURE,1,1500.00,0.00,1500.00,0.00,1500.00,2026-08-10,1500.00,DUE,Other fee mock record,1,2026-09-01 10:59:33,2026-09-01 10:59:33,1,2026-09-01 10:59:33,NULL,0x00000000000037FD
53,1,1,1,18,1,2,LIBRARY,STRUCTURE,2,800.00,0.00,800.00,400.00,400.00,2026-08-10,400.00,PARTIAL,Other fee mock record,1,2026-09-01 10:59:33,2026-09-01 10:59:33,1,2026-09-01 10:59:33,NULL,0x00000000000037FE
54,1,1,1,18,1,2,SPORTS,STRUCTURE,3,1000.00,0.00,1000.00,1000.00,0.00,2026-08-10,0.00,PAID,Other fee mock record,1,2026-09-01 10:59:33,2026-09-01 10:59:33,1,2026-09-01 10:59:33,NULL,0x00000000000037FF
55,1,1,1,19,2,3,EXAM,STRUCTURE,4,1500.00,0.00,1500.00,1500.00,0.00,2026-08-10,0.00,PAID,Other fee mock record,1,2026-09-01 10:59:33,2026-09-01 10:59:33,1,2026-09-01 10:59:33,NULL,0x0000000000003801
56,1,1,1,19,2,3,LIBRARY,STRUCTURE,5,800.00,0.00,800.00,0.00,800.00,2026-08-10,800.00,DUE,Other fee mock record,1,2026-09-01 10:59:33,2026-09-01 10:59:33,1,2026-09-01 10:59:33,NULL,0x0000000000003802
57,1,1,1,19,2,3,SPORTS,STRUCTURE,6,1000.00,0.00,1000.00,500.00,500.00,2026-08-10,500.00,PARTIAL,Other fee mock record,1,2026-09-01 10:59:33,2026-09-01 10:59:33,1,2026-09-01 10:59:33,NULL,0x0000000000003803
58,1,1,1,20,2,4,EXAM,STRUCTURE,4,1500.00,0.00,1500.00,750.00,750.00,2026-08-10,750.00,PARTIAL,Other fee mock record,1,2026-09-01 10:59:33,2026-09-01 10:59:33,1,2026-09-01 10:59:33,NULL,0x0000000000003804
59,1,1,1,20,2,4,LIBRARY,STRUCTURE,5,800.00,0.00,800.00,0.00,800.00,2026-08-10,800.00,DUE,Other fee mock record,1,2026-09-01 10:59:33,2026-09-01 10:59:33,1,2026-09-01 10:59:33,NULL,0x0000000000003805
60,1,1,1,20,2,4,SPORTS,STRUCTURE,6,1000.00,0.00,1000.00,0.00,1000.00,2026-08-10,1000.00,DUE,Other fee mock record,1,2026-09-01 10:59:33,2026-09-01 10:59:33,1,2026-09-01 10:59:33,NULL,0x0000000000003806
61,1,2,1,21,3,5,EXAM,STRUCTURE,7,1500.00,0.00,1500.00,0.00,1500.00,2026-08-10,1500.00,DUE,Other fee mock record,1,2026-09-01 10:59:33,2026-09-01 10:59:33,1,2026-09-01 10:59:33,NULL,0x0000000000003807
62,1,2,1,21,3,5,LIBRARY,STRUCTURE,8,800.00,0.00,800.00,800.00,0.00,2026-08-10,0.00,PAID,Other fee mock record,1,2026-09-01 10:59:33,2026-09-01 10:59:33,1,2026-09-01 10:59:33,NULL,0x0000000000003808
63,1,2,1,21,3,5,SPORTS,STRUCTURE,9,1000.00,0.00,1000.00,0.00,1000.00,2026-08-10,1000.00,DUE,Other fee mock record,1,2026-09-01 10:59:33,2026-09-01 10:59:33,1,2026-09-01 10:59:33,NULL,0x0000000000003809
64,1,2,1,22,3,6,EXAM,STRUCTURE,7,1500.00,0.00,1500.00,0.00,1500.00,2026-08-10,1500.00,DUE,Other fee mock record,1,2026-09-01 10:59:33,2026-09-01 10:59:33,1,2026-09-01 10:59:33,NULL,0x000000000000380A
65,1,2,1,22,3,6,LIBRARY,STRUCTURE,8,800.00,0.00,800.00,400.00,400.00,2026-08-10,400.00,PARTIAL,Other fee mock record,1,2026-09-01 10:59:33,2026-09-01 10:59:33,1,2026-09-01 10:59:33,NULL,0x000000000000380B
66,1,2,1,22,3,6,SPORTS,STRUCTURE,9,1000.00,0.00,1000.00,1000.00,0.00,2026-08-10,0.00,PAID,Other fee mock record,1,2026-09-01 10:59:33,2026-09-01 10:59:33,1,2026-09-01 10:59:33,NULL,0x000000000000380C
67,1,2,1,23,4,7,EXAM,STRUCTURE,10,1500.00,0.00,1500.00,1500.00,0.00,2026-08-10,0.00,PAID,Other fee mock record,1,2026-09-01 10:59:33,2026-09-01 10:59:33,1,2026-09-01 10:59:33,NULL,0x000000000000380D
68,1,2,1,23,4,7,LIBRARY,STRUCTURE,11,800.00,0.00,800.00,0.00,800.00,2026-08-10,800.00,DUE,Other fee mock record,1,2026-09-01 10:59:33,2026-09-01 10:59:33,1,2026-09-01 10:59:33,NULL,0x000000000000380E
69,1,2,1,23,4,7,SPORTS,STRUCTURE,12,1000.00,0.00,1000.00,500.00,500.00,2026-08-10,500.00,PARTIAL,Other fee mock record,1,2026-09-01 10:59:33,2026-09-01 10:59:33,1,2026-09-01 10:59:33,NULL,0x000000000000380F
70,1,2,1,24,4,8,EXAM,STRUCTURE,10,1500.00,0.00,1500.00,750.00,750.00,2026-08-10,750.00,PARTIAL,Other fee mock record,1,2026-09-01 10:59:33,2026-09-01 10:59:33,1,2026-09-01 10:59:33,NULL,0x0000000000003810
71,1,2,1,24,4,8,LIBRARY,STRUCTURE,11,800.00,0.00,800.00,0.00,800.00,2026-08-10,800.00,DUE,Other fee mock record,1,2026-09-01 10:59:33,2026-09-01 10:59:33,1,2026-09-01 10:59:33,NULL,0x0000000000003811
72,1,2,1,24,4,8,SPORTS,STRUCTURE,12,1000.00,0.00,1000.00,0.00,1000.00,2026-08-10,1000.00,DUE,Other fee mock record,1,2026-09-01 10:59:33,2026-09-01 10:59:33,1,2026-09-01 10:59:33,NULL,0x0000000000003812
73,2,3,2,25,5,9,EXAM,STRUCTURE,13,1500.00,0.00,1500.00,0.00,1500.00,2026-08-10,1500.00,DUE,Other fee mock record,1,2026-09-01 10:59:33,2026-09-01 10:59:33,1,2026-09-01 10:59:33,NULL,0x0000000000003813
74,2,3,2,25,5,9,LIBRARY,STRUCTURE,14,800.00,0.00,800.00,800.00,0.00,2026-08-10,0.00,PAID,Other fee mock record,1,2026-09-01 10:59:33,2026-09-01 10:59:33,1,2026-09-01 10:59:33,NULL,0x0000000000003814
75,2,3,2,25,5,9,SPORTS,STRUCTURE,15,1000.00,0.00,1000.00,0.00,1000.00,2026-08-10,1000.00,DUE,Other fee mock record,1,2026-09-01 10:59:33,2026-09-01 10:59:33,1,2026-09-01 10:59:33,NULL,0x0000000000003815
76,2,3,2,26,5,10,EXAM,STRUCTURE,13,1500.00,0.00,1500.00,0.00,1500.00,2026-08-10,1500.00,DUE,Other fee mock record,1,2026-09-01 10:59:33,2026-09-01 10:59:33,1,2026-09-01 10:59:33,NULL,0x0000000000003816
77,2,3,2,26,5,10,LIBRARY,STRUCTURE,14,800.00,0.00,800.00,400.00,400.00,2026-08-10,400.00,PARTIAL,Other fee mock record,1,2026-09-01 10:59:33,2026-09-01 10:59:33,1,2026-09-01 10:59:33,NULL,0x0000000000003817
78,2,3,2,26,5,10,SPORTS,STRUCTURE,15,1000.00,0.00,1000.00,1000.00,0.00,2026-08-10,0.00,PAID,Other fee mock record,1,2026-09-01 10:59:33,2026-09-01 10:59:33,1,2026-09-01 10:59:33,NULL,0x0000000000003818
79,2,3,2,27,6,11,EXAM,STRUCTURE,16,1500.00,0.00,1500.00,1500.00,0.00,2026-08-10,0.00,PAID,Other fee mock record,1,2026-09-01 10:59:33,2026-09-01 10:59:33,1,2026-09-01 10:59:33,NULL,0x0000000000003819
80,2,3,2,27,6,11,LIBRARY,STRUCTURE,17,800.00,0.00,800.00,0.00,800.00,2026-08-10,800.00,DUE,Other fee mock record,1,2026-09-01 10:59:33,2026-09-01 10:59:33,1,2026-09-01 10:59:33,NULL,0x000000000000381A
81,2,3,2,27,6,11,SPORTS,STRUCTURE,18,1000.00,0.00,1000.00,500.00,500.00,2026-08-10,500.00,PARTIAL,Other fee mock record,1,2026-09-01 10:59:33,2026-09-01 10:59:33,1,2026-09-01 10:59:33,NULL,0x000000000000381B
82,2,3,2,28,6,12,EXAM,STRUCTURE,16,1500.00,0.00,1500.00,750.00,750.00,2026-08-10,750.00,PARTIAL,Other fee mock record,1,2026-09-01 10:59:33,2026-09-01 10:59:33,1,2026-09-01 10:59:33,NULL,0x000000000000381C
83,2,3,2,28,6,12,LIBRARY,STRUCTURE,17,800.00,0.00,800.00,0.00,800.00,2026-08-10,800.00,DUE,Other fee mock record,1,2026-09-01 10:59:33,2026-09-01 10:59:33,1,2026-09-01 10:59:33,NULL,0x000000000000381D
84,2,3,2,28,6,12,SPORTS,STRUCTURE,18,1000.00,0.00,1000.00,0.00,1000.00,2026-08-10,1000.00,DUE,Other fee mock record,1,2026-09-01 10:59:33,2026-09-01 10:59:33,1,2026-09-01 10:59:33,NULL,0x000000000000381E
85,2,4,2,29,7,13,EXAM,STRUCTURE,19,1500.00,0.00,1500.00,0.00,1500.00,2026-08-10,1500.00,DUE,Other fee mock record,1,2026-09-01 10:59:33,2026-09-01 10:59:33,1,2026-09-01 10:59:33,NULL,0x000000000000381F
86,2,4,2,29,7,13,LIBRARY,STRUCTURE,20,800.00,0.00,800.00,800.00,0.00,2026-08-10,0.00,PAID,Other fee mock record,1,2026-09-01 10:59:33,2026-09-01 10:59:33,1,2026-09-01 10:59:33,NULL,0x0000000000003820
87,2,4,2,29,7,13,SPORTS,STRUCTURE,21,1000.00,0.00,1000.00,0.00,1000.00,2026-08-10,1000.00,DUE,Other fee mock record,1,2026-09-01 10:59:33,2026-09-01 10:59:33,1,2026-09-01 10:59:33,NULL,0x0000000000003821
88,2,4,2,30,7,14,EXAM,STRUCTURE,19,1500.00,0.00,1500.00,0.00,1500.00,2026-08-10,1500.00,DUE,Other fee mock record,1,2026-09-01 10:59:33,2026-09-01 10:59:33,1,2026-09-01 10:59:33,NULL,0x0000000000003822
89,2,4,2,30,7,14,LIBRARY,STRUCTURE,20,800.00,0.00,800.00,400.00,400.00,2026-08-10,400.00,PARTIAL,Other fee mock record,1,2026-09-01 10:59:33,2026-09-01 10:59:33,1,2026-09-01 10:59:33,NULL,0x0000000000003823
90,2,4,2,30,7,14,SPORTS,STRUCTURE,21,1000.00,0.00,1000.00,1000.00,0.00,2026-08-10,0.00,PAID,Other fee mock record,1,2026-09-01 10:59:33,2026-09-01 10:59:33,1,2026-09-01 10:59:33,NULL,0x0000000000003824
91,2,4,2,31,8,15,EXAM,STRUCTURE,22,1500.00,0.00,1500.00,1500.00,0.00,2026-08-10,0.00,PAID,Other fee mock record,1,2026-09-01 10:59:33,2026-09-01 10:59:33,1,2026-09-01 10:59:33,NULL,0x0000000000003825
92,2,4,2,31,8,15,LIBRARY,STRUCTURE,23,800.00,0.00,800.00,0.00,800.00,2026-08-10,800.00,DUE,Other fee mock record,1,2026-09-01 10:59:33,2026-09-01 10:59:33,1,2026-09-01 10:59:33,NULL,0x0000000000003826
93,2,4,2,31,8,15,SPORTS,STRUCTURE,24,1000.00,0.00,1000.00,500.00,500.00,2026-08-10,500.00,PARTIAL,Other fee mock record,1,2026-09-01 10:59:33,2026-09-01 10:59:33,1,2026-09-01 10:59:33,NULL,0x0000000000003827
94,2,4,2,32,8,16,EXAM,STRUCTURE,22,1500.00,0.00,1500.00,750.00,750.00,2026-08-10,750.00,PARTIAL,Other fee mock record,1,2026-09-01 10:59:33,2026-09-01 10:59:33,1,2026-09-01 10:59:33,NULL,0x0000000000003828
95,2,4,2,32,8,16,LIBRARY,STRUCTURE,23,800.00,0.00,800.00,0.00,800.00,2026-08-10,800.00,DUE,Other fee mock record,1,2026-09-01 10:59:33,2026-09-01 10:59:33,1,2026-09-01 10:59:33,NULL,0x0000000000003829
96,2,4,2,32,8,16,SPORTS,STRUCTURE,24,1000.00,0.00,1000.00,0.00,1000.00,2026-08-10,1000.00,DUE,Other fee mock record,1,2026-09-01 10:59:33,2026-09-01 10:59:33,1,2026-09-01 10:59:33,NULL,0x000000000000382A
