book_copy_id,book_id,school_id,branch_id,copy_number,barcode,copy_status,is_active,created_at,created_by,updated_at,updated_by,row_version
1,1,1,1,1,BK-001-1,AVAILABLE,1,2026-09-01 10:59:33,1,2026-09-01 10:59:33,NULL,0x00000000000036C9
2,1,1,1,2,BK-001-2,AVAILABLE,1,2026-09-01 10:59:33,1,2026-09-01 10:59:33,NULL,0x00000000000036CA
3,2,1,1,1,BK-002-1,BORROWED,1,2026-09-01 10:59:33,1,2026-09-01 10:59:33,NULL,0x00000000000036CB
4,2,1,1,2,BK-002-2,AVAILABLE,1,2026-09-01 10:59:33,1,2026-09-01 10:59:33,NULL,0x00000000000036CC
5,3,1,1,1,BK-003-1,BORROWED,1,2026-09-01 10:59:33,1,2026-09-01 10:59:33,NULL,0x00000000000036CD
6,3,1,1,2,BK-003-2,BORROWED,1,2026-09-01 10:59:33,1,2026-09-01 10:59:33,NULL,0x00000000000036CE
7,4,1,1,1,BK-004-1,BORROWED,1,2026-09-01 10:59:33,1,2026-09-01 10:59:33,NULL,0x00000000000036CF
8,4,1,1,2,BK-004-2,BORROWED,1,2026-09-01 10:59:33,1,2026-09-01 10:59:33,NULL,0x00000000000036D0
9,5,1,1,1,BK-005-1,AVAILABLE,1,2026-09-01 10:59:33,1,2026-09-01 10:59:33,NULL,0x00000000000036D1
10,5,1,1,2,BK-005-2,AVAILABLE,1,2026-09-01 10:59:33,1,2026-09-01 10:59:33,NULL,0x00000000000036D2
11,6,1,1,1,BK-006-1,AVAILABLE,1,2026-09-01 10:59:33,1,2026-09-01 10:59:33,NULL,0x00000000000036D3
12,6,1,1,2,BK-006-2,AVAILABLE,1,2026-09-01 10:59:33,1,2026-09-01 10:59:33,NULL,0x00000000000036D4
13,7,1,2,1,BK-007-1,BORROWED,1,2026-09-01 10:59:33,1,2026-09-01 10:59:33,NULL,0x00000000000036D5
14,7,1,2,2,BK-007-2,AVAILABLE,1,2026-09-01 10:59:33,1,2026-09-01 10:59:33,NULL,0x00000000000036D6
15,8,1,2,1,BK-008-1,BORROWED,1,2026-09-01 10:59:33,1,2026-09-01 10:59:33,NULL,0x00000000000036D7
16,8,1,2,2,BK-008-2,BORROWED,1,2026-09-01 10:59:33,1,2026-09-01 10:59:33,NULL,0x00000000000036D8
17,9,1,2,1,BK-009-1,AVAILABLE,1,2026-09-01 10:59:33,1,2026-09-01 10:59:33,NULL,0x00000000000036D9
18,9,1,2,2,BK-009-2,AVAILABLE,1,2026-09-01 10:59:33,1,2026-09-01 10:59:33,NULL,0x00000000000036DA
19,10,1,2,1,BK-010-1,AVAILABLE,1,2026-09-01 10:59:33,1,2026-09-01 10:59:33,NULL,0x00000000000036DB
20,10,1,2,2,BK-010-2,AVAILABLE,1,2026-09-01 10:59:33,1,2026-09-01 10:59:33,NULL,0x00000000000036DC
21,11,1,2,1,BK-011-1,BORROWED,1,2026-09-01 10:59:33,1,2026-09-01 10:59:33,NULL,0x00000000000036DD
22,11,1,2,2,BK-011-2,AVAILABLE,1,2026-09-01 10:59:33,1,2026-09-01 10:59:33,NULL,0x00000000000036DE
23,12,1,2,1,BK-012-1,AVAILABLE,1,2026-09-01 10:59:33,1,2026-09-01 10:59:33,NULL,0x00000000000036DF
24,12,1,2,2,BK-012-2,AVAILABLE,1,2026-09-01 10:59:33,1,2026-09-01 10:59:33,NULL,0x00000000000036E0
25,13,2,3,1,BK-013-1,BORROWED,1,2026-09-01 10:59:33,1,2026-09-01 10:59:33,NULL,0x00000000000036E1
26,13,2,3,2,BK-013-2,BORROWED,1,2026-09-01 10:59:33,1,2026-09-01 10:59:33,NULL,0x00000000000036E2
27,14,2,3,1,BK-014-1,BORROWED,1,2026-09-01 10:59:33,1,2026-09-01 10:59:33,NULL,0x00000000000036E3
28,14,2,3,2,BK-014-2,AVAILABLE,1,2026-09-01 10:59:33,1,2026-09-01 10:59:33,NULL,0x00000000000036E4
29,15,2,3,1,BK-015-1,AVAILABLE,1,2026-09-01 10:59:33,1,2026-09-01 10:59:33,NULL,0x00000000000036E5
30,15,2,3,2,BK-015-2,AVAILABLE,1,2026-09-01 10:59:33,1,2026-09-01 10:59:33,NULL,0x00000000000036E6
31,16,2,3,1,BK-016-1,BORROWED,1,2026-09-01 10:59:33,1,2026-09-01 10:59:33,NULL,0x00000000000036E7
32,16,2,3,2,BK-016-2,AVAILABLE,1,2026-09-01 10:59:33,1,2026-09-01 10:59:33,NULL,0x00000000000036E8
33,17,2,3,1,BK-017-1,AVAILABLE,1,2026-09-01 10:59:33,1,2026-09-01 10:59:33,NULL,0x00000000000036E9
34,17,2,3,2,BK-017-2,AVAILABLE,1,2026-09-01 10:59:33,1,2026-09-01 10:59:33,NULL,0x00000000000036EA
35,18,2,3,1,BK-018-1,AVAILABLE,1,2026-09-01 10:59:33,1,2026-09-01 10:59:33,NULL,0x00000000000036EB
36,18,2,3,2,BK-018-2,AVAILABLE,1,2026-09-01 10:59:33,1,2026-09-01 10:59:33,NULL,0x00000000000036EC
37,19,2,4,1,BK-019-1,BORROWED,1,2026-09-01 10:59:33,1,2026-09-01 10:59:33,NULL,0x00000000000036ED
38,19,2,4,2,BK-019-2,AVAILABLE,1,2026-09-01 10:59:33,1,2026-09-01 10:59:33,NULL,0x00000000000036EE
39,20,2,4,1,BK-020-1,AVAILABLE,1,2026-09-01 10:59:33,1,2026-09-01 10:59:33,NULL,0x00000000000036EF
40,20,2,4,2,BK-020-2,AVAILABLE,1,2026-09-01 10:59:33,1,2026-09-01 10:59:33,NULL,0x00000000000036F0
41,21,2,4,1,BK-021-1,AVAILABLE,1,2026-09-01 10:59:33,1,2026-09-01 10:59:33,NULL,0x00000000000036F1
42,21,2,4,2,BK-021-2,AVAILABLE,1,2026-09-01 10:59:33,1,2026-09-01 10:59:33,NULL,0x00000000000036F2
43,22,2,4,1,BK-022-1,AVAILABLE,1,2026-09-01 10:59:33,1,2026-09-01 10:59:33,NULL,0x00000000000036F3
44,22,2,4,2,BK-022-2,AVAILABLE,1,2026-09-01 10:59:33,1,2026-09-01 10:59:33,NULL,0x00000000000036F4
45,23,2,4,1,BK-023-1,BORROWED,1,2026-09-01 10:59:33,1,2026-09-01 10:59:33,NULL,0x00000000000036F5
46,23,2,4,2,BK-023-2,BORROWED,1,2026-09-01 10:59:33,1,2026-09-01 10:59:33,NULL,0x00000000000036F6
47,24,2,4,1,BK-024-1,BORROWED,1,2026-09-01 10:59:33,1,2026-09-01 10:59:33,NULL,0x00000000000036F7
48,24,2,4,2,BK-024-2,BORROWED,1,2026-09-01 10:59:33,1,2026-09-01 10:59:33,NULL,0x00000000000036F8
