exam_schedule_id,exam_id,school_id,branch_id,academic_year_id,class_id,section_id,subject_id,teacher_id,exam_date,start_time,end_time,max_marks,pass_marks,status,is_active,created_at,created_by,updated_at,updated_by,row_version
1,1,1,1,1,1,1,1,1,2026-08-10,09:00:00,11:00:00,100.00,40.00,COMPLETED,1,2026-09-01 10:59:33,1,2026-09-01 10:59:33,NULL,0x00000000000029B4
2,1,1,1,1,1,1,2,2,2026-08-11,09:00:00,11:00:00,100.00,40.00,COMPLETED,1,2026-09-01 10:59:33,1,2026-09-01 10:59:33,NULL,0x00000000000029B5
3,1,1,1,1,1,1,3,1,2026-08-12,09:00:00,11:00:00,100.00,40.00,COMPLETED,1,2026-09-01 10:59:33,1,2026-09-01 10:59:33,NULL,0x00000000000029B6
4,1,1,1,1,1,1,4,2,2026-08-13,09:00:00,11:00:00,100.00,40.00,COMPLETED,1,2026-09-01 10:59:33,1,2026-09-01 10:59:33,NULL,0x00000000000029B7
5,1,1,1,1,1,1,5,1,2026-08-14,09:00:00,11:00:00,100.00,40.00,COMPLETED,1,2026-09-01 10:59:33,1,2026-09-01 10:59:33,NULL,0x00000000000029B8
6,1,1,1,1,1,1,6,2,2026-08-15,09:00:00,11:00:00,100.00,40.00,COMPLETED,1,2026-09-01 10:59:33,1,2026-09-01 10:59:33,NULL,0x00000000000029B9
7,2,1,1,1,1,2,1,3,2026-08-10,09:00:00,11:00:00,100.00,40.00,COMPLETED,1,2026-09-01 10:59:33,1,2026-09-01 10:59:33,NULL,0x00000000000029BA
8,2,1,1,1,1,2,2,4,2026-08-11,09:00:00,11:00:00,100.00,40.00,COMPLETED,1,2026-09-01 10:59:33,1,2026-09-01 10:59:33,NULL,0x00000000000029BB
9,2,1,1,1,1,2,3,3,2026-08-12,09:00:00,11:00:00,100.00,40.00,COMPLETED,1,2026-09-01 10:59:33,1,2026-09-01 10:59:33,NULL,0x00000000000029BC
10,2,1,1,1,1,2,4,4,2026-08-13,09:00:00,11:00:00,100.00,40.00,COMPLETED,1,2026-09-01 10:59:33,1,2026-09-01 10:59:33,NULL,0x00000000000029BD
11,2,1,1,1,1,2,5,3,2026-08-14,09:00:00,11:00:00,100.00,40.00,COMPLETED,1,2026-09-01 10:59:33,1,2026-09-01 10:59:33,NULL,0x00000000000029BE
12,2,1,1,1,1,2,6,4,2026-08-15,09:00:00,11:00:00,100.00,40.00,COMPLETED,1,2026-09-01 10:59:33,1,2026-09-01 10:59:33,NULL,0x00000000000029BF
13,3,1,1,1,2,3,1,5,2026-08-10,09:00:00,11:00:00,100.00,40.00,COMPLETED,1,2026-09-01 10:59:33,1,2026-09-01 10:59:33,NULL,0x00000000000029C0
14,3,1,1,1,2,3,2,6,2026-08-11,09:00:00,11:00:00,100.00,40.00,COMPLETED,1,2026-09-01 10:59:33,1,2026-09-01 10:59:33,NULL,0x00000000000029C1
15,3,1,1,1,2,3,3,5,2026-08-12,09:00:00,11:00:00,100.00,40.00,COMPLETED,1,2026-09-01 10:59:33,1,2026-09-01 10:59:33,NULL,0x00000000000029C2
16,3,1,1,1,2,3,4,6,2026-08-13,09:00:00,11:00:00,100.00,40.00,COMPLETED,1,2026-09-01 10:59:33,1,2026-09-01 10:59:33,NULL,0x00000000000029C3
17,3,1,1,1,2,3,5,5,2026-08-14,09:00:00,11:00:00,100.00,40.00,COMPLETED,1,2026-09-01 10:59:33,1,2026-09-01 10:59:33,NULL,0x00000000000029C4
18,3,1,1,1,2,3,6,6,2026-08-15,09:00:00,11:00:00,100.00,40.00,COMPLETED,1,2026-09-01 10:59:33,1,2026-09-01 10:59:33,NULL,0x00000000000029C5
19,4,1,1,1,2,4,1,7,2026-08-10,09:00:00,11:00:00,100.00,40.00,COMPLETED,1,2026-09-01 10:59:33,1,2026-09-01 10:59:33,NULL,0x00000000000029C6
20,4,1,1,1,2,4,2,8,2026-08-11,09:00:00,11:00:00,100.00,40.00,COMPLETED,1,2026-09-01 10:59:33,1,2026-09-01 10:59:33,NULL,0x00000000000029C7
21,4,1,1,1,2,4,3,7,2026-08-12,09:00:00,11:00:00,100.00,40.00,COMPLETED,1,2026-09-01 10:59:33,1,2026-09-01 10:59:33,NULL,0x00000000000029C8
22,4,1,1,1,2,4,4,8,2026-08-13,09:00:00,11:00:00,100.00,40.00,COMPLETED,1,2026-09-01 10:59:33,1,2026-09-01 10:59:33,NULL,0x00000000000029C9
23,4,1,1,1,2,4,5,7,2026-08-14,09:00:00,11:00:00,100.00,40.00,COMPLETED,1,2026-09-01 10:59:33,1,2026-09-01 10:59:33,NULL,0x00000000000029CA
24,4,1,1,1,2,4,6,8,2026-08-15,09:00:00,11:00:00,100.00,40.00,COMPLETED,1,2026-09-01 10:59:33,1,2026-09-01 10:59:33,NULL,0x00000000000029CB
25,5,1,2,1,3,5,1,9,2026-08-10,09:00:00,11:00:00,100.00,40.00,COMPLETED,1,2026-09-01 10:59:33,1,2026-09-01 10:59:33,NULL,0x00000000000029CC
26,5,1,2,1,3,5,2,10,2026-08-11,09:00:00,11:00:00,100.00,40.00,COMPLETED,1,2026-09-01 10:59:33,1,2026-09-01 10:59:33,NULL,0x00000000000029CD
27,5,1,2,1,3,5,3,9,2026-08-12,09:00:00,11:00:00,100.00,40.00,COMPLETED,1,2026-09-01 10:59:33,1,2026-09-01 10:59:33,NULL,0x00000000000029CE
28,5,1,2,1,3,5,4,10,2026-08-13,09:00:00,11:00:00,100.00,40.00,COMPLETED,1,2026-09-01 10:59:33,1,2026-09-01 10:59:33,NULL,0x00000000000029CF
29,5,1,2,1,3,5,5,9,2026-08-14,09:00:00,11:00:00,100.00,40.00,COMPLETED,1,2026-09-01 10:59:33,1,2026-09-01 10:59:33,NULL,0x00000000000029D0
30,5,1,2,1,3,5,6,10,2026-08-15,09:00:00,11:00:00,100.00,40.00,COMPLETED,1,2026-09-01 10:59:33,1,2026-09-01 10:59:33,NULL,0x00000000000029D1
31,6,1,2,1,3,6,1,11,2026-08-10,09:00:00,11:00:00,100.00,40.00,COMPLETED,1,2026-09-01 10:59:33,1,2026-09-01 10:59:33,NULL,0x00000000000029D2
32,6,1,2,1,3,6,2,12,2026-08-11,09:00:00,11:00:00,100.00,40.00,COMPLETED,1,2026-09-01 10:59:33,1,2026-09-01 10:59:33,NULL,0x00000000000029D3
33,6,1,2,1,3,6,3,11,2026-08-12,09:00:00,11:00:00,100.00,40.00,COMPLETED,1,2026-09-01 10:59:33,1,2026-09-01 10:59:33,NULL,0x00000000000029D4
34,6,1,2,1,3,6,4,12,2026-08-13,09:00:00,11:00:00,100.00,40.00,COMPLETED,1,2026-09-01 10:59:33,1,2026-09-01 10:59:33,NULL,0x00000000000029D5
35,6,1,2,1,3,6,5,11,2026-08-14,09:00:00,11:00:00,100.00,40.00,COMPLETED,1,2026-09-01 10:59:33,1,2026-09-01 10:59:33,NULL,0x00000000000029D6
36,6,1,2,1,3,6,6,12,2026-08-15,09:00:00,11:00:00,100.00,40.00,COMPLETED,1,2026-09-01 10:59:33,1,2026-09-01 10:59:33,NULL,0x00000000000029D7
37,7,1,2,1,4,7,1,13,2026-08-10,09:00:00,11:00:00,100.00,40.00,COMPLETED,1,2026-09-01 10:59:33,1,2026-09-01 10:59:33,NULL,0x00000000000029D8
38,7,1,2,1,4,7,2,14,2026-08-11,09:00:00,11:00:00,100.00,40.00,COMPLETED,1,2026-09-01 10:59:33,1,2026-09-01 10:59:33,NULL,0x00000000000029D9
39,7,1,2,1,4,7,3,13,2026-08-12,09:00:00,11:00:00,100.00,40.00,COMPLETED,1,2026-09-01 10:59:33,1,2026-09-01 10:59:33,NULL,0x00000000000029DA
40,7,1,2,1,4,7,4,14,2026-08-13,09:00:00,11:00:00,100.00,40.00,COMPLETED,1,2026-09-01 10:59:33,1,2026-09-01 10:59:33,NULL,0x00000000000029DB
41,7,1,2,1,4,7,5,13,2026-08-14,09:00:00,11:00:00,100.00,40.00,COMPLETED,1,2026-09-01 10:59:33,1,2026-09-01 10:59:33,NULL,0x00000000000029DC
42,7,1,2,1,4,7,6,14,2026-08-15,09:00:00,11:00:00,100.00,40.00,COMPLETED,1,2026-09-01 10:59:33,1,2026-09-01 10:59:33,NULL,0x00000000000029DD
43,8,1,2,1,4,8,1,15,2026-08-10,09:00:00,11:00:00,100.00,40.00,COMPLETED,1,2026-09-01 10:59:33,1,2026-09-01 10:59:33,NULL,0x00000000000029DE
44,8,1,2,1,4,8,2,16,2026-08-11,09:00:00,11:00:00,100.00,40.00,COMPLETED,1,2026-09-01 10:59:33,1,2026-09-01 10:59:33,NULL,0x00000000000029DF
45,8,1,2,1,4,8,3,15,2026-08-12,09:00:00,11:00:00,100.00,40.00,COMPLETED,1,2026-09-01 10:59:33,1,2026-09-01 10:59:33,NULL,0x00000000000029E0
46,8,1,2,1,4,8,4,16,2026-08-13,09:00:00,11:00:00,100.00,40.00,COMPLETED,1,2026-09-01 10:59:33,1,2026-09-01 10:59:33,NULL,0x00000000000029E1
47,8,1,2,1,4,8,5,15,2026-08-14,09:00:00,11:00:00,100.00,40.00,COMPLETED,1,2026-09-01 10:59:33,1,2026-09-01 10:59:33,NULL,0x00000000000029E2
48,8,1,2,1,4,8,6,16,2026-08-15,09:00:00,11:00:00,100.00,40.00,COMPLETED,1,2026-09-01 10:59:33,1,2026-09-01 10:59:33,NULL,0x00000000000029E3
49,9,2,3,2,5,9,7,17,2026-08-10,09:00:00,11:00:00,100.00,40.00,COMPLETED,1,2026-09-01 10:59:33,1,2026-09-01 10:59:33,NULL,0x00000000000029E4
50,9,2,3,2,5,9,8,18,2026-08-11,09:00:00,11:00:00,100.00,40.00,COMPLETED,1,2026-09-01 10:59:33,1,2026-09-01 10:59:33,NULL,0x00000000000029E5
51,9,2,3,2,5,9,9,17,2026-08-12,09:00:00,11:00:00,100.00,40.00,COMPLETED,1,2026-09-01 10:59:33,1,2026-09-01 10:59:33,NULL,0x00000000000029E6
52,9,2,3,2,5,9,10,18,2026-08-13,09:00:00,11:00:00,100.00,40.00,COMPLETED,1,2026-09-01 10:59:33,1,2026-09-01 10:59:33,NULL,0x00000000000029E7
53,9,2,3,2,5,9,11,17,2026-08-14,09:00:00,11:00:00,100.00,40.00,COMPLETED,1,2026-09-01 10:59:33,1,2026-09-01 10:59:33,NULL,0x00000000000029E8
54,9,2,3,2,5,9,12,18,2026-08-15,09:00:00,11:00:00,100.00,40.00,COMPLETED,1,2026-09-01 10:59:33,1,2026-09-01 10:59:33,NULL,0x00000000000029E9
55,10,2,3,2,5,10,7,19,2026-08-10,09:00:00,11:00:00,100.00,40.00,COMPLETED,1,2026-09-01 10:59:33,1,2026-09-01 10:59:33,NULL,0x00000000000029EA
56,10,2,3,2,5,10,8,20,2026-08-11,09:00:00,11:00:00,100.00,40.00,COMPLETED,1,2026-09-01 10:59:33,1,2026-09-01 10:59:33,NULL,0x00000000000029EB
57,10,2,3,2,5,10,9,19,2026-08-12,09:00:00,11:00:00,100.00,40.00,COMPLETED,1,2026-09-01 10:59:33,1,2026-09-01 10:59:33,NULL,0x00000000000029EC
58,10,2,3,2,5,10,10,20,2026-08-13,09:00:00,11:00:00,100.00,40.00,COMPLETED,1,2026-09-01 10:59:33,1,2026-09-01 10:59:33,NULL,0x00000000000029ED
59,10,2,3,2,5,10,11,19,2026-08-14,09:00:00,11:00:00,100.00,40.00,COMPLETED,1,2026-09-01 10:59:33,1,2026-09-01 10:59:33,NULL,0x00000000000029EE
60,10,2,3,2,5,10,12,20,2026-08-15,09:00:00,11:00:00,100.00,40.00,COMPLETED,1,2026-09-01 10:59:33,1,2026-09-01 10:59:33,NULL,0x00000000000029EF
61,11,2,3,2,6,11,7,21,2026-08-10,09:00:00,11:00:00,100.00,40.00,COMPLETED,1,2026-09-01 10:59:33,1,2026-09-01 10:59:33,NULL,0x00000000000029F0
62,11,2,3,2,6,11,8,22,2026-08-11,09:00:00,11:00:00,100.00,40.00,COMPLETED,1,2026-09-01 10:59:33,1,2026-09-01 10:59:33,NULL,0x00000000000029F1
63,11,2,3,2,6,11,9,21,2026-08-12,09:00:00,11:00:00,100.00,40.00,COMPLETED,1,2026-09-01 10:59:33,1,2026-09-01 10:59:33,NULL,0x00000000000029F2
64,11,2,3,2,6,11,10,22,2026-08-13,09:00:00,11:00:00,100.00,40.00,COMPLETED,1,2026-09-01 10:59:33,1,2026-09-01 10:59:33,NULL,0x00000000000029F3
65,11,2,3,2,6,11,11,21,2026-08-14,09:00:00,11:00:00,100.00,40.00,COMPLETED,1,2026-09-01 10:59:33,1,2026-09-01 10:59:33,NULL,0x00000000000029F4
66,11,2,3,2,6,11,12,22,2026-08-15,09:00:00,11:00:00,100.00,40.00,COMPLETED,1,2026-09-01 10:59:33,1,2026-09-01 10:59:33,NULL,0x00000000000029F5
67,12,2,3,2,6,12,7,23,2026-08-10,09:00:00,11:00:00,100.00,40.00,COMPLETED,1,2026-09-01 10:59:33,1,2026-09-01 10:59:33,NULL,0x00000000000029F6
68,12,2,3,2,6,12,8,24,2026-08-11,09:00:00,11:00:00,100.00,40.00,COMPLETED,1,2026-09-01 10:59:33,1,2026-09-01 10:59:33,NULL,0x00000000000029F7
69,12,2,3,2,6,12,9,23,2026-08-12,09:00:00,11:00:00,100.00,40.00,COMPLETED,1,2026-09-01 10:59:33,1,2026-09-01 10:59:33,NULL,0x00000000000029F8
70,12,2,3,2,6,12,10,24,2026-08-13,09:00:00,11:00:00,100.00,40.00,COMPLETED,1,2026-09-01 10:59:33,1,2026-09-01 10:59:33,NULL,0x00000000000029F9
71,12,2,3,2,6,12,11,23,2026-08-14,09:00:00,11:00:00,100.00,40.00,COMPLETED,1,2026-09-01 10:59:33,1,2026-09-01 10:59:33,NULL,0x00000000000029FA
72,12,2,3,2,6,12,12,24,2026-08-15,09:00:00,11:00:00,100.00,40.00,COMPLETED,1,2026-09-01 10:59:33,1,2026-09-01 10:59:33,NULL,0x00000000000029FB
73,13,2,4,2,7,13,7,25,2026-08-10,09:00:00,11:00:00,100.00,40.00,COMPLETED,1,2026-09-01 10:59:33,1,2026-09-01 10:59:33,NULL,0x00000000000029FC
74,13,2,4,2,7,13,8,26,2026-08-11,09:00:00,11:00:00,100.00,40.00,COMPLETED,1,2026-09-01 10:59:33,1,2026-09-01 10:59:33,NULL,0x00000000000029FD
75,13,2,4,2,7,13,9,25,2026-08-12,09:00:00,11:00:00,100.00,40.00,COMPLETED,1,2026-09-01 10:59:33,1,2026-09-01 10:59:33,NULL,0x00000000000029FE
76,13,2,4,2,7,13,10,26,2026-08-13,09:00:00,11:00:00,100.00,40.00,COMPLETED,1,2026-09-01 10:59:33,1,2026-09-01 10:59:33,NULL,0x00000000000029FF
77,13,2,4,2,7,13,11,25,2026-08-14,09:00:00,11:00:00,100.00,40.00,COMPLETED,1,2026-09-01 10:59:33,1,2026-09-01 10:59:33,NULL,0x0000000000002A01
78,13,2,4,2,7,13,12,26,2026-08-15,09:00:00,11:00:00,100.00,40.00,COMPLETED,1,2026-09-01 10:59:33,1,2026-09-01 10:59:33,NULL,0x0000000000002A02
79,14,2,4,2,7,14,7,27,2026-08-10,09:00:00,11:00:00,100.00,40.00,COMPLETED,1,2026-09-01 10:59:33,1,2026-09-01 10:59:33,NULL,0x0000000000002A03
80,14,2,4,2,7,14,8,28,2026-08-11,09:00:00,11:00:00,100.00,40.00,COMPLETED,1,2026-09-01 10:59:33,1,2026-09-01 10:59:33,NULL,0x0000000000002A04
81,14,2,4,2,7,14,9,27,2026-08-12,09:00:00,11:00:00,100.00,40.00,COMPLETED,1,2026-09-01 10:59:33,1,2026-09-01 10:59:33,NULL,0x0000000000002A05
82,14,2,4,2,7,14,10,28,2026-08-13,09:00:00,11:00:00,100.00,40.00,COMPLETED,1,2026-09-01 10:59:33,1,2026-09-01 10:59:33,NULL,0x0000000000002A06
83,14,2,4,2,7,14,11,27,2026-08-14,09:00:00,11:00:00,100.00,40.00,COMPLETED,1,2026-09-01 10:59:33,1,2026-09-01 10:59:33,NULL,0x0000000000002A07
84,14,2,4,2,7,14,12,28,2026-08-15,09:00:00,11:00:00,100.00,40.00,COMPLETED,1,2026-09-01 10:59:33,1,2026-09-01 10:59:33,NULL,0x0000000000002A08
85,15,2,4,2,8,15,7,29,2026-08-10,09:00:00,11:00:00,100.00,40.00,COMPLETED,1,2026-09-01 10:59:33,1,2026-09-01 10:59:33,NULL,0x0000000000002A09
86,15,2,4,2,8,15,8,30,2026-08-11,09:00:00,11:00:00,100.00,40.00,COMPLETED,1,2026-09-01 10:59:33,1,2026-09-01 10:59:33,NULL,0x0000000000002A0A
87,15,2,4,2,8,15,9,29,2026-08-12,09:00:00,11:00:00,100.00,40.00,COMPLETED,1,2026-09-01 10:59:33,1,2026-09-01 10:59:33,NULL,0x0000000000002A0B
88,15,2,4,2,8,15,10,30,2026-08-13,09:00:00,11:00:00,100.00,40.00,COMPLETED,1,2026-09-01 10:59:33,1,2026-09-01 10:59:33,NULL,0x0000000000002A0C
89,15,2,4,2,8,15,11,29,2026-08-14,09:00:00,11:00:00,100.00,40.00,COMPLETED,1,2026-09-01 10:59:33,1,2026-09-01 10:59:33,NULL,0x0000000000002A0D
90,15,2,4,2,8,15,12,30,2026-08-15,09:00:00,11:00:00,100.00,40.00,COMPLETED,1,2026-09-01 10:59:33,1,2026-09-01 10:59:33,NULL,0x0000000000002A0E
91,16,2,4,2,8,16,7,31,2026-08-10,09:00:00,11:00:00,100.00,40.00,COMPLETED,1,2026-09-01 10:59:33,1,2026-09-01 10:59:33,NULL,0x0000000000002A0F
92,16,2,4,2,8,16,8,32,2026-08-11,09:00:00,11:00:00,100.00,40.00,COMPLETED,1,2026-09-01 10:59:33,1,2026-09-01 10:59:33,NULL,0x0000000000002A10
93,16,2,4,2,8,16,9,31,2026-08-12,09:00:00,11:00:00,100.00,40.00,COMPLETED,1,2026-09-01 10:59:33,1,2026-09-01 10:59:33,NULL,0x0000000000002A11
94,16,2,4,2,8,16,10,32,2026-08-13,09:00:00,11:00:00,100.00,40.00,COMPLETED,1,2026-09-01 10:59:33,1,2026-09-01 10:59:33,NULL,0x0000000000002A12
95,16,2,4,2,8,16,11,31,2026-08-14,09:00:00,11:00:00,100.00,40.00,COMPLETED,1,2026-09-01 10:59:33,1,2026-09-01 10:59:33,NULL,0x0000000000002A13
96,16,2,4,2,8,16,12,32,2026-08-15,09:00:00,11:00:00,100.00,40.00,COMPLETED,1,2026-09-01 10:59:33,1,2026-09-01 10:59:33,NULL,0x0000000000002A14
