announcement_id,school_id,branch_id,academic_year_id,announcement_type,title,description,start_date,end_date,publish_at,status,is_active,created_at,created_by,updated_at,updated_by,registration_url
9990,1,1,1,EVENT,Academic Timetable Launch,New academic timetable begins for all students.,2026-09-10,2026-09-10,2026-09-10 08:00:00,PUBLISHED,1,2026-09-10 07:44:59,73,2026-09-10 07:44:59,73,https://docs.google.com/spreadsheets/d/1L-B_JfTy5SYj5zrfYKLoa7IAVwqwYJZl57h8jGyL4qo/edit?gid=0#gid=0
9991,1,1,1,NOTICE,Classroom Schedule Notice,Students should check their classroom and period schedule.,2026-09-10,2026-09-10,2026-09-10 08:15:00,PUBLISHED,1,2026-09-10 07:44:59,73,2026-09-10 07:44:59,73,https://docs.google.com/spreadsheets/d/1L-B_JfTy5SYj5zrfYKLoa7IAVwqwYJZl57h8jGyL4qo/edit?gid=0#gid=0
9992,1,1,1,ACADEMIC,Local Holiday,School holiday announcement for students and staff.,2026-09-11,2026-09-11,2026-09-10 08:30:00,PUBLISHED,1,2026-09-10 07:44:59,73,2026-09-10 07:44:59,73,https://docs.google.com/spreadsheets/d/1L-B_JfTy5SYj5zrfYKLoa7IAVwqwYJZl57h8jGyL4qo/edit?gid=0#gid=0
9993,1,1,1,EVENT,Student Orientation Session,Orientation session for students regarding the new academic schedule.,2026-09-11,2026-09-11,2026-09-10 09:00:00,PUBLISHED,1,2026-09-10 07:44:59,73,2026-09-10 07:44:59,73,https://docs.google.com/spreadsheets/d/1L-B_JfTy5SYj5zrfYKLoa7IAVwqwYJZl57h8jGyL4qo/edit?gid=0#gid=0
9994,1,1,1,NOTICE,Period Timing Update,Updated period timings are available for review.,2026-09-12,2026-09-12,2026-09-10 09:30:00,PUBLISHED,1,2026-09-10 07:44:59,73,2026-09-10 07:44:59,73,https://docs.google.com/spreadsheets/d/1L-B_JfTy5SYj5zrfYKLoa7IAVwqwYJZl57h8jGyL4qo/edit?gid=0#gid=0
9995,1,1,1,EVENT,Academic Skills Workshop,Students will attend an academic skills and study planning workshop.,2026-09-12,2026-09-12,2026-09-10 10:00:00,PUBLISHED,1,2026-09-10 07:44:59,73,2026-09-10 07:44:59,73,https://docs.google.com/spreadsheets/d/1L-B_JfTy5SYj5zrfYKLoa7IAVwqwYJZl57h8jGyL4qo/edit?gid=0#gid=0
9996,1,1,1,ACADEMIC,School Maintenance Holiday,School facilities will be unavailable during the maintenance holiday.,2026-09-13,2026-09-13,2026-09-10 10:30:00,PUBLISHED,1,2026-09-10 07:44:59,73,2026-09-10 07:44:59,73,https://docs.google.com/spreadsheets/d/1L-B_JfTy5SYj5zrfYKLoa7IAVwqwYJZl57h8jGyL4qo/edit?gid=0#gid=0
9997,1,1,1,NOTICE,Assignment Submission Reminder,Students should submit assignments according to the timetable schedule.,2026-09-14,2026-09-14,2026-09-10 11:00:00,PUBLISHED,1,2026-09-10 07:44:59,73,2026-09-10 07:44:59,73,https://docs.google.com/spreadsheets/d/1L-B_JfTy5SYj5zrfYKLoa7IAVwqwYJZl57h8jGyL4qo/edit?gid=0#gid=0
9998,1,1,1,EVENT,Weekly Academic Review,Teachers will review lessons, attendance, and student progress.,2026-09-14,2026-09-14,2026-09-10 11:30:00,PUBLISHED,1,2026-09-10 07:44:59,73,2026-09-10 07:44:59,73,https://docs.google.com/spreadsheets/d/1L-B_JfTy5SYj5zrfYKLoa7IAVwqwYJZl57h8jGyL4qo/edit?gid=0#gid=0
9999,1,1,1,ACADEMIC,Academic Calendar Holiday,Holiday recorded in the academic calendar for the current session.,2026-09-15,2026-09-15,2026-09-10 12:00:00,PUBLISHED,1,2026-09-10 07:44:59,73,2026-09-10 07:44:59,73,https://docs.google.com/spreadsheets/d/1L-B_JfTy5SYj5zrfYKLoa7IAVwqwYJZl57h8jGyL4qo/edit?gid=0#gid=0
