class_subject_id,school_id,branch_id,academic_year_id,class_id,subject_id,is_active,created_at,created_by,updated_at,updated_by,row_version
1,1,1,1,1,1,1,2026-09-01 10:59:33,1,2026-09-01 10:59:33,NULL,0x0000000000002883
2,1,1,1,1,2,1,2026-09-01 10:59:33,1,2026-09-01 10:59:33,NULL,0x0000000000002884
3,1,1,1,1,3,1,2026-09-01 10:59:33,1,2026-09-01 10:59:33,NULL,0x0000000000002885
4,1,1,1,1,4,1,2026-09-01 10:59:33,1,2026-09-01 10:59:33,NULL,0x0000000000002886
5,1,1,1,1,5,1,2026-09-01 10:59:33,1,2026-09-01 10:59:33,NULL,0x0000000000002887
6,1,1,1,1,6,1,2026-09-01 10:59:33,1,2026-09-01 10:59:33,NULL,0x0000000000002888
7,1,1,1,2,1,1,2026-09-01 10:59:33,1,2026-09-01 10:59:33,NULL,0x0000000000002889
8,1,1,1,2,2,1,2026-09-01 10:59:33,1,2026-09-01 10:59:33,NULL,0x000000000000288A
9,1,1,1,2,3,1,2026-09-01 10:59:33,1,2026-09-01 10:59:33,NULL,0x000000000000288B
10,1,1,1,2,4,1,2026-09-01 10:59:33,1,2026-09-01 10:59:33,NULL,0x000000000000288C
11,1,1,1,2,5,1,2026-09-01 10:59:33,1,2026-09-01 10:59:33,NULL,0x000000000000288D
12,1,1,1,2,6,1,2026-09-01 10:59:33,1,2026-09-01 10:59:33,NULL,0x000000000000288E
13,1,2,1,3,1,1,2026-09-01 10:59:33,1,2026-09-01 10:59:33,NULL,0x000000000000288F
14,1,2,1,3,2,1,2026-09-01 10:59:33,1,2026-09-01 10:59:33,NULL,0x0000000000002890
15,1,2,1,3,3,1,2026-09-01 10:59:33,1,2026-09-01 10:59:33,NULL,0x0000000000002891
16,1,2,1,3,4,1,2026-09-01 10:59:33,1,2026-09-01 10:59:33,NULL,0x0000000000002892
17,1,2,1,3,5,1,2026-09-01 10:59:33,1,2026-09-01 10:59:33,NULL,0x0000000000002893
18,1,2,1,3,6,1,2026-09-01 10:59:33,1,2026-09-01 10:59:33,NULL,0x0000000000002894
19,1,2,1,4,1,1,2026-09-01 10:59:33,1,2026-09-01 10:59:33,NULL,0x0000000000002895
20,1,2,1,4,2,1,2026-09-01 10:59:33,1,2026-09-01 10:59:33,NULL,0x0000000000002896
21,1,2,1,4,3,1,2026-09-01 10:59:33,1,2026-09-01 10:59:33,NULL,0x0000000000002897
22,1,2,1,4,4,1,2026-09-01 10:59:33,1,2026-09-01 10:59:33,NULL,0x0000000000002898
23,1,2,1,4,5,1,2026-09-01 10:59:33,1,2026-09-01 10:59:33,NULL,0x0000000000002899
24,1,2,1,4,6,1,2026-09-01 10:59:33,1,2026-09-01 10:59:33,NULL,0x000000000000289A
25,2,3,2,5,7,1,2026-09-01 10:59:33,1,2026-09-01 10:59:33,NULL,0x000000000000289B
26,2,3,2,5,8,1,2026-09-01 10:59:33,1,2026-09-01 10:59:33,NULL,0x000000000000289C
27,2,3,2,5,9,1,2026-09-01 10:59:33,1,2026-09-01 10:59:33,NULL,0x000000000000289D
28,2,3,2,5,10,1,2026-09-01 10:59:33,1,2026-09-01 10:59:33,NULL,0x000000000000289E
29,2,3,2,5,11,1,2026-09-01 10:59:33,1,2026-09-01 10:59:33,NULL,0x000000000000289F
30,2,3,2,5,12,1,2026-09-01 10:59:33,1,2026-09-01 10:59:33,NULL,0x00000000000028A0
31,2,3,2,6,7,1,2026-09-01 10:59:33,1,2026-09-01 10:59:33,NULL,0x00000000000028A1
32,2,3,2,6,8,1,2026-09-01 10:59:33,1,2026-09-01 10:59:33,NULL,0x00000000000028A2
33,2,3,2,6,9,1,2026-09-01 10:59:33,1,2026-09-01 10:59:33,NULL,0x00000000000028A3
34,2,3,2,6,10,1,2026-09-01 10:59:33,1,2026-09-01 10:59:33,NULL,0x00000000000028A4
35,2,3,2,6,11,1,2026-09-01 10:59:33,1,2026-09-01 10:59:33,NULL,0x00000000000028A5
36,2,3,2,6,12,1,2026-09-01 10:59:33,1,2026-09-01 10:59:33,NULL,0x00000000000028A6
37,2,4,2,7,7,1,2026-09-01 10:59:33,1,2026-09-01 10:59:33,NULL,0x00000000000028A7
38,2,4,2,7,8,1,2026-09-01 10:59:33,1,2026-09-01 10:59:33,NULL,0x00000000000028A8
39,2,4,2,7,9,1,2026-09-01 10:59:33,1,2026-09-01 10:59:33,NULL,0x00000000000028A9
40,2,4,2,7,10,1,2026-09-01 10:59:33,1,2026-09-01 10:59:33,NULL,0x00000000000028AA
41,2,4,2,7,11,1,2026-09-01 10:59:33,1,2026-09-01 10:59:33,NULL,0x00000000000028AB
42,2,4,2,7,12,1,2026-09-01 10:59:33,1,2026-09-01 10:59:33,NULL,0x00000000000028AC
43,2,4,2,8,7,1,2026-09-01 10:59:33,1,2026-09-01 10:59:33,NULL,0x00000000000028AD
44,2,4,2,8,8,1,2026-09-01 10:59:33,1,2026-09-01 10:59:33,NULL,0x00000000000028AE
45,2,4,2,8,9,1,2026-09-01 10:59:33,1,2026-09-01 10:59:33,NULL,0x00000000000028AF
46,2,4,2,8,10,1,2026-09-01 10:59:33,1,2026-09-01 10:59:33,NULL,0x00000000000028B0
47,2,4,2,8,11,1,2026-09-01 10:59:33,1,2026-09-01 10:59:33,NULL,0x00000000000028B1
48,2,4,2,8,12,1,2026-09-01 10:59:33,1,2026-09-01 10:59:33,NULL,0x00000000000028B2
