subject_id,school_id,subject_code,subject_name,is_active,created_at,created_by,updated_at,updated_by,row_version
1,1,ENG,English,1,2026-09-01 10:59:33,1,2026-09-01 10:59:33,NULL,0x0000000000002877
2,1,MAT,Mathematics,1,2026-09-01 10:59:33,1,2026-09-01 10:59:33,NULL,0x0000000000002878
3,1,SCI,Science,1,2026-09-01 10:59:33,1,2026-09-01 10:59:33,NULL,0x0000000000002879
4,1,SST,Social Science,1,2026-09-01 10:59:33,1,2026-09-01 10:59:33,NULL,0x000000000000287A
5,1,CSC,Computer Science,1,2026-09-01 10:59:33,1,2026-09-01 10:59:33,NULL,0x000000000000287B
6,1,PE,Physical Education,1,2026-09-01 10:59:33,1,2026-09-01 10:59:33,NULL,0x000000000000287C
7,2,ENG,English,1,2026-09-01 10:59:33,1,2026-09-01 10:59:33,NULL,0x000000000000287D
8,2,MAT,Mathematics,1,2026-09-01 10:59:33,1,2026-09-01 10:59:33,NULL,0x000000000000287E
9,2,SCI,Science,1,2026-09-01 10:59:33,1,2026-09-01 10:59:33,NULL,0x000000000000287F
10,2,SST,Social Science,1,2026-09-01 10:59:33,1,2026-09-01 10:59:33,NULL,0x0000000000002880
11,2,CSC,Computer Science,1,2026-09-01 10:59:33,1,2026-09-01 10:59:33,NULL,0x0000000000002881
12,2,PE,Physical Education,1,2026-09-01 10:59:33,1,2026-09-01 10:59:33,NULL,0x0000000000002882
