timetable_id,school_id,branch_id,academic_year_id,class_id,section_id,timetable_name,status,is_active,created_at,created_by,updated_at,updated_by,row_version
1,1,1,1,1,1,2026-2027 Class 8 - Central - Section A,ACTIVE,1,2026-09-01 10:59:33,1,2026-09-01 10:59:33,NULL,0x0000000000002D18
2,1,1,1,1,2,2026-2027 Class 8 - Central - Section B,ACTIVE,1,2026-09-01 10:59:33,1,2026-09-01 10:59:33,NULL,0x0000000000002D19
3,1,1,1,2,3,2026-2027 Class 9 - Central - Section A,ACTIVE,1,2026-09-01 10:59:33,1,2026-09-01 10:59:33,NULL,0x0000000000002D1C
4,1,1,1,2,4,2026-2027 Class 9 - Central - Section B,ACTIVE,1,2026-09-01 10:59:33,1,2026-09-01 10:59:33,NULL,0x0000000000002D1D
5,1,2,1,3,5,2026-2027 Class 8 - North - Section A,ACTIVE,1,2026-09-01 10:59:33,1,2026-09-01 10:59:33,NULL,0x0000000000002D1A
6,1,2,1,3,6,2026-2027 Class 8 - North - Section B,ACTIVE,1,2026-09-01 10:59:33,1,2026-09-01 10:59:33,NULL,0x0000000000002D1B
7,1,2,1,4,7,2026-2027 Class 9 - North - Section A,ACTIVE,1,2026-09-01 10:59:33,1,2026-09-01 10:59:33,NULL,0x0000000000002D1E
8,1,2,1,4,8,2026-2027 Class 9 - North - Section B,ACTIVE,1,2026-09-01 10:59:33,1,2026-09-01 10:59:33,NULL,0x0000000000002D1F
9,2,3,2,5,9,2026-2027 Class 8 - City - Section A,ACTIVE,1,2026-09-01 10:59:33,1,2026-09-01 10:59:33,NULL,0x0000000000002D20
10,2,3,2,5,10,2026-2027 Class 8 - City - Section B,ACTIVE,1,2026-09-01 10:59:33,1,2026-09-01 10:59:33,NULL,0x0000000000002D21
11,2,3,2,6,11,2026-2027 Class 9 - City - Section A,ACTIVE,1,2026-09-01 10:59:33,1,2026-09-01 10:59:33,NULL,0x0000000000002D24
12,2,3,2,6,12,2026-2027 Class 9 - City - Section B,ACTIVE,1,2026-09-01 10:59:33,1,2026-09-01 10:59:33,NULL,0x0000000000002D25
13,2,4,2,7,13,2026-2027 Class 8 - Lake - Section A,ACTIVE,1,2026-09-01 10:59:33,1,2026-09-01 10:59:33,NULL,0x0000000000002D22
14,2,4,2,7,14,2026-2027 Class 8 - Lake - Section B,ACTIVE,1,2026-09-01 10:59:33,1,2026-09-01 10:59:33,NULL,0x0000000000002D23
15,2,4,2,8,15,2026-2027 Class 9 - Lake - Section A,ACTIVE,1,2026-09-01 10:59:33,1,2026-09-01 10:59:33,NULL,0x0000000000002D26
16,2,4,2,8,16,2026-2027 Class 9 - Lake - Section B,ACTIVE,1,2026-09-01 10:59:33,1,2026-09-01 10:59:33,NULL,0x0000000000002D27
