section_id,class_id,section_name,is_active,created_at,created_by,updated_at,updated_by,row_version
1,1,A,1,2026-09-01 10:59:33,1,2026-09-01 10:59:33,NULL,0x0000000000002867
2,1,B,1,2026-09-01 10:59:33,1,2026-09-01 10:59:33,NULL,0x000000000000286F
3,2,A,1,2026-09-01 10:59:33,1,2026-09-01 10:59:33,NULL,0x0000000000002868
4,2,B,1,2026-09-01 10:59:33,1,2026-09-01 10:59:33,NULL,0x0000000000002870
5,3,A,1,2026-09-01 10:59:33,1,2026-09-01 10:59:33,NULL,0x0000000000002869
6,3,B,1,2026-09-01 10:59:33,1,2026-09-01 10:59:33,NULL,0x0000000000002871
7,4,A,1,2026-09-01 10:59:33,1,2026-09-01 10:59:33,NULL,0x000000000000286A
8,4,B,1,2026-09-01 10:59:33,1,2026-09-01 10:59:33,NULL,0x0000000000002872
9,5,A,1,2026-09-01 10:59:33,1,2026-09-01 10:59:33,NULL,0x000000000000286B
10,5,B,1,2026-09-01 10:59:33,1,2026-09-01 10:59:33,NULL,0x0000000000002873
11,6,A,1,2026-09-01 10:59:33,1,2026-09-01 10:59:33,NULL,0x000000000000286C
12,6,B,1,2026-09-01 10:59:33,1,2026-09-01 10:59:33,NULL,0x0000000000002874
13,7,A,1,2026-09-01 10:59:33,1,2026-09-01 10:59:33,NULL,0x000000000000286D
14,7,B,1,2026-09-01 10:59:33,1,2026-09-01 10:59:33,NULL,0x0000000000002875
15,8,A,1,2026-09-01 10:59:33,1,2026-09-01 10:59:33,NULL,0x000000000000286E
16,8,B,1,2026-09-01 10:59:33,1,2026-09-01 10:59:33,NULL,0x0000000000002876
