exam_id,school_id,branch_id,academic_year_id,class_id,section_id,exam_name,exam_category,start_date,end_date,status,is_active,created_at,created_by,updated_at,updated_by,row_version
1,1,1,1,1,1,Mid Term Assessment,MID_TERM,2026-08-10,2026-08-14,COMPLETED,1,2026-09-01 10:59:33,1,2026-09-01 10:59:33,NULL,0x00000000000029A4
2,1,1,1,1,2,Mid Term Assessment,MID_TERM,2026-08-10,2026-08-14,COMPLETED,1,2026-09-01 10:59:33,1,2026-09-01 10:59:33,NULL,0x00000000000029A5
3,1,1,1,2,3,Mid Term Assessment,MID_TERM,2026-08-10,2026-08-14,COMPLETED,1,2026-09-01 10:59:33,1,2026-09-01 10:59:33,NULL,0x00000000000029A6
4,1,1,1,2,4,Mid Term Assessment,MID_TERM,2026-08-10,2026-08-14,COMPLETED,1,2026-09-01 10:59:33,1,2026-09-01 10:59:33,NULL,0x00000000000029A7
5,1,2,1,3,5,Mid Term Assessment,MID_TERM,2026-08-10,2026-08-14,COMPLETED,1,2026-09-01 10:59:33,1,2026-09-01 10:59:33,NULL,0x00000000000029A8
6,1,2,1,3,6,Mid Term Assessment,MID_TERM,2026-08-10,2026-08-14,COMPLETED,1,2026-09-01 10:59:33,1,2026-09-01 10:59:33,NULL,0x00000000000029A9
7,1,2,1,4,7,Mid Term Assessment,MID_TERM,2026-08-10,2026-08-14,COMPLETED,1,2026-09-01 10:59:33,1,2026-09-01 10:59:33,NULL,0x00000000000029AA
8,1,2,1,4,8,Mid Term Assessment,MID_TERM,2026-08-10,2026-08-14,COMPLETED,1,2026-09-01 10:59:33,1,2026-09-01 10:59:33,NULL,0x00000000000029AB
9,2,3,2,5,9,Mid Term Assessment,MID_TERM,2026-08-10,2026-08-14,COMPLETED,1,2026-09-01 10:59:33,1,2026-09-01 10:59:33,NULL,0x00000000000029AC
10,2,3,2,5,10,Mid Term Assessment,MID_TERM,2026-08-10,2026-08-14,COMPLETED,1,2026-09-01 10:59:33,1,2026-09-01 10:59:33,NULL,0x00000000000029AD
11,2,3,2,6,11,Mid Term Assessment,MID_TERM,2026-08-10,2026-08-14,COMPLETED,1,2026-09-01 10:59:33,1,2026-09-01 10:59:33,NULL,0x00000000000029AE
12,2,3,2,6,12,Mid Term Assessment,MID_TERM,2026-08-10,2026-08-14,COMPLETED,1,2026-09-01 10:59:33,1,2026-09-01 10:59:33,NULL,0x00000000000029AF
13,2,4,2,7,13,Mid Term Assessment,MID_TERM,2026-08-10,2026-08-14,COMPLETED,1,2026-09-01 10:59:33,1,2026-09-01 10:59:33,NULL,0x00000000000029B0
14,2,4,2,7,14,Mid Term Assessment,MID_TERM,2026-08-10,2026-08-14,COMPLETED,1,2026-09-01 10:59:33,1,2026-09-01 10:59:33,NULL,0x00000000000029B1
15,2,4,2,8,15,Mid Term Assessment,MID_TERM,2026-08-10,2026-08-14,COMPLETED,1,2026-09-01 10:59:33,1,2026-09-01 10:59:33,NULL,0x00000000000029B2
16,2,4,2,8,16,Mid Term Assessment,MID_TERM,2026-08-10,2026-08-14,COMPLETED,1,2026-09-01 10:59:33,1,2026-09-01 10:59:33,NULL,0x00000000000029B3
