user_id,email_address,user_type,is_active,password_hash,password_plain_dev,password_set_at,failed_login_count,locked_until,last_login_at,created_at,created_by,updated_at,updated_by,row_version
1,usr001@thinkigen.test,STUDENT,1,NULL,Test@12345,2026-04-01 08:00:00,0,NULL,2026-09-02 19:12:11,2026-09-01 10:59:33,NULL,2026-09-02 19:12:11,NULL,0x00000000000038C5
2,usr002@thinkigen.test,TEACHER,1,NULL,Test@12345,2026-04-01 08:00:00,0,NULL,NULL,2026-09-01 10:59:33,NULL,2026-09-01 10:59:33,NULL,0x000000000000282D
3,usr003@thinkigen.test,STUDENT,1,NULL,Test@12345,2026-04-01 08:00:00,0,NULL,NULL,2026-09-01 10:59:33,NULL,2026-09-01 10:59:33,NULL,0x000000000000280E
4,usr004@thinkigen.test,TEACHER,1,NULL,Test@12345,2026-04-01 08:00:00,0,NULL,NULL,2026-09-01 10:59:33,NULL,2026-09-01 10:59:33,NULL,0x000000000000282E
5,usr005@thinkigen.test,STUDENT,1,NULL,Test@12345,2026-04-01 08:00:00,0,NULL,NULL,2026-09-01 10:59:33,NULL,2026-09-01 10:59:33,NULL,0x000000000000280F
6,usr006@thinkigen.test,TEACHER,1,NULL,Test@12345,2026-04-01 08:00:00,0,NULL,NULL,2026-09-01 10:59:33,NULL,2026-09-01 10:59:33,NULL,0x000000000000282F
7,usr007@thinkigen.test,STUDENT,1,NULL,Test@12345,2026-04-01 08:00:00,0,NULL,NULL,2026-09-01 10:59:33,NULL,2026-09-01 10:59:33,NULL,0x0000000000002810
8,usr008@thinkigen.test,TEACHER,1,NULL,Test@12345,2026-04-01 08:00:00,0,NULL,NULL,2026-09-01 10:59:33,NULL,2026-09-01 10:59:33,NULL,0x0000000000002830
9,usr009@thinkigen.test,STUDENT,1,NULL,Test@12345,2026-04-01 08:00:00,0,NULL,NULL,2026-09-01 10:59:33,NULL,2026-09-01 10:59:33,NULL,0x0000000000002811
10,usr010@thinkigen.test,TEACHER,1,NULL,Test@12345,2026-04-01 08:00:00,0,NULL,NULL,2026-09-01 10:59:33,NULL,2026-09-01 10:59:33,NULL,0x0000000000002831
11,usr011@thinkigen.test,STUDENT,1,NULL,Test@12345,2026-04-01 08:00:00,0,NULL,NULL,2026-09-01 10:59:33,NULL,2026-09-01 10:59:33,NULL,0x0000000000002812
12,usr012@thinkigen.test,TEACHER,1,NULL,Test@12345,2026-04-01 08:00:00,0,NULL,NULL,2026-09-01 10:59:33,NULL,2026-09-01 10:59:33,NULL,0x0000000000002832
13,usr013@thinkigen.test,STUDENT,1,NULL,Test@12345,2026-04-01 08:00:00,0,NULL,NULL,2026-09-01 10:59:33,NULL,2026-09-01 10:59:33,NULL,0x0000000000002813
14,usr014@thinkigen.test,TEACHER,1,NULL,Test@12345,2026-04-01 08:00:00,0,NULL,NULL,2026-09-01 10:59:33,NULL,2026-09-01 10:59:33,NULL,0x0000000000002833
15,usr015@thinkigen.test,STUDENT,1,NULL,Test@12345,2026-04-01 08:00:00,0,NULL,NULL,2026-09-01 10:59:33,NULL,2026-09-01 10:59:33,NULL,0x0000000000002814
16,usr016@thinkigen.test,TEACHER,1,NULL,Test@12345,2026-04-01 08:00:00,0,NULL,NULL,2026-09-01 10:59:33,NULL,2026-09-01 10:59:33,NULL,0x0000000000002834
17,usr017@thinkigen.test,STUDENT,1,NULL,Test@12345,2026-04-01 08:00:00,0,NULL,NULL,2026-09-01 10:59:33,NULL,2026-09-01 10:59:33,NULL,0x0000000000002815
18,usr018@thinkigen.test,TEACHER,1,NULL,Test@12345,2026-04-01 08:00:00,0,NULL,NULL,2026-09-01 10:59:33,NULL,2026-09-01 10:59:33,NULL,0x0000000000002835
19,usr019@thinkigen.test,STUDENT,1,NULL,Test@12345,2026-04-01 08:00:00,0,NULL,NULL,2026-09-01 10:59:33,NULL,2026-09-01 10:59:33,NULL,0x0000000000002816
20,usr020@thinkigen.test,TEACHER,1,NULL,Test@12345,2026-04-01 08:00:00,0,NULL,NULL,2026-09-01 10:59:33,NULL,2026-09-01 10:59:33,NULL,0x0000000000002836
21,usr021@thinkigen.test,STUDENT,1,NULL,Test@12345,2026-04-01 08:00:00,0,NULL,NULL,2026-09-01 10:59:33,NULL,2026-09-01 10:59:33,NULL,0x0000000000002817
22,usr022@thinkigen.test,TEACHER,1,NULL,Test@12345,2026-04-01 08:00:00,0,NULL,NULL,2026-09-01 10:59:33,NULL,2026-09-01 10:59:33,NULL,0x0000000000002837
23,usr023@thinkigen.test,STUDENT,1,NULL,Test@12345,2026-04-01 08:00:00,0,NULL,NULL,2026-09-01 10:59:33,NULL,2026-09-01 10:59:33,NULL,0x0000000000002818
24,usr024@thinkigen.test,TEACHER,1,NULL,Test@12345,2026-04-01 08:00:00,0,NULL,NULL,2026-09-01 10:59:33,NULL,2026-09-01 10:59:33,NULL,0x0000000000002838
25,usr025@thinkigen.test,STUDENT,1,NULL,Test@12345,2026-04-01 08:00:00,0,NULL,NULL,2026-09-01 10:59:33,NULL,2026-09-01 10:59:33,NULL,0x0000000000002819
26,usr026@thinkigen.test,TEACHER,1,NULL,Test@12345,2026-04-01 08:00:00,0,NULL,NULL,2026-09-01 10:59:33,NULL,2026-09-01 10:59:33,NULL,0x0000000000002839
27,usr027@thinkigen.test,STUDENT,1,NULL,Test@12345,2026-04-01 08:00:00,0,NULL,NULL,2026-09-01 10:59:33,NULL,2026-09-01 10:59:33,NULL,0x000000000000281A
28,usr028@thinkigen.test,TEACHER,1,NULL,Test@12345,2026-04-01 08:00:00,0,NULL,NULL,2026-09-01 10:59:33,NULL,2026-09-01 10:59:33,NULL,0x000000000000283A
29,usr029@thinkigen.test,STUDENT,1,NULL,Test@12345,2026-04-01 08:00:00,0,NULL,NULL,2026-09-01 10:59:33,NULL,2026-09-01 10:59:33,NULL,0x000000000000281B
30,usr030@thinkigen.test,TEACHER,1,NULL,Test@12345,2026-04-01 08:00:00,0,NULL,NULL,2026-09-01 10:59:33,NULL,2026-09-01 10:59:33,NULL,0x000000000000283B
31,usr031@thinkigen.test,STUDENT,1,NULL,Test@12345,2026-04-01 08:00:00,0,NULL,NULL,2026-09-01 10:59:33,NULL,2026-09-01 10:59:33,NULL,0x000000000000281C
32,usr032@thinkigen.test,TEACHER,1,NULL,Test@12345,2026-04-01 08:00:00,0,NULL,NULL,2026-09-01 10:59:33,NULL,2026-09-01 10:59:33,NULL,0x000000000000283C
33,usr033@thinkigen.test,STUDENT,1,NULL,Test@12345,2026-04-01 08:00:00,0,NULL,NULL,2026-09-01 10:59:33,NULL,2026-09-01 10:59:33,NULL,0x000000000000281D
34,usr034@thinkigen.test,TEACHER,1,NULL,Test@12345,2026-04-01 08:00:00,0,NULL,NULL,2026-09-01 10:59:33,NULL,2026-09-01 10:59:33,NULL,0x000000000000283D
35,usr035@thinkigen.test,STUDENT,1,NULL,Test@12345,2026-04-01 08:00:00,0,NULL,NULL,2026-09-01 10:59:33,NULL,2026-09-01 10:59:33,NULL,0x000000000000281E
36,usr036@thinkigen.test,TEACHER,1,NULL,Test@12345,2026-04-01 08:00:00,0,NULL,NULL,2026-09-01 10:59:33,NULL,2026-09-01 10:59:33,NULL,0x000000000000283E
37,usr037@thinkigen.test,STUDENT,1,NULL,Test@12345,2026-04-01 08:00:00,0,NULL,NULL,2026-09-01 10:59:33,NULL,2026-09-01 10:59:33,NULL,0x000000000000281F
38,usr038@thinkigen.test,TEACHER,1,NULL,Test@12345,2026-04-01 08:00:00,0,NULL,NULL,2026-09-01 10:59:33,NULL,2026-09-01 10:59:33,NULL,0x000000000000283F
39,usr039@thinkigen.test,STUDENT,1,NULL,Test@12345,2026-04-01 08:00:00,0,NULL,NULL,2026-09-01 10:59:33,NULL,2026-09-01 10:59:33,NULL,0x0000000000002820
40,usr040@thinkigen.test,TEACHER,1,NULL,Test@12345,2026-04-01 08:00:00,0,NULL,NULL,2026-09-01 10:59:33,NULL,2026-09-01 10:59:33,NULL,0x0000000000002840
41,usr041@thinkigen.test,STUDENT,1,NULL,Test@12345,2026-04-01 08:00:00,0,NULL,NULL,2026-09-01 10:59:33,NULL,2026-09-01 10:59:33,NULL,0x0000000000002821
42,usr042@thinkigen.test,TEACHER,1,NULL,Test@12345,2026-04-01 08:00:00,0,NULL,NULL,2026-09-01 10:59:33,NULL,2026-09-01 10:59:33,NULL,0x0000000000002841
43,usr043@thinkigen.test,STUDENT,1,NULL,Test@12345,2026-04-01 08:00:00,0,NULL,NULL,2026-09-01 10:59:33,NULL,2026-09-01 10:59:33,NULL,0x0000000000002822
44,usr044@thinkigen.test,TEACHER,1,NULL,Test@12345,2026-04-01 08:00:00,0,NULL,NULL,2026-09-01 10:59:33,NULL,2026-09-01 10:59:33,NULL,0x0000000000002842
45,usr045@thinkigen.test,STUDENT,1,NULL,Test@12345,2026-04-01 08:00:00,0,NULL,NULL,2026-09-01 10:59:33,NULL,2026-09-01 10:59:33,NULL,0x0000000000002823
46,usr046@thinkigen.test,TEACHER,1,NULL,Test@12345,2026-04-01 08:00:00,0,NULL,NULL,2026-09-01 10:59:33,NULL,2026-09-01 10:59:33,NULL,0x0000000000002843
47,usr047@thinkigen.test,STUDENT,1,NULL,Test@12345,2026-04-01 08:00:00,0,NULL,NULL,2026-09-01 10:59:33,NULL,2026-09-01 10:59:33,NULL,0x0000000000002824
48,usr048@thinkigen.test,TEACHER,1,NULL,Test@12345,2026-04-01 08:00:00,0,NULL,NULL,2026-09-01 10:59:33,NULL,2026-09-01 10:59:33,NULL,0x0000000000002844
49,usr049@thinkigen.test,STUDENT,1,NULL,Test@12345,2026-04-01 08:00:00,0,NULL,NULL,2026-09-01 10:59:33,NULL,2026-09-01 10:59:33,NULL,0x0000000000002825
50,usr050@thinkigen.test,TEACHER,1,NULL,Test@12345,2026-04-01 08:00:00,0,NULL,NULL,2026-09-01 10:59:33,NULL,2026-09-01 10:59:33,NULL,0x0000000000002845
51,usr051@thinkigen.test,STUDENT,1,NULL,Test@12345,2026-04-01 08:00:00,0,NULL,NULL,2026-09-01 10:59:33,NULL,2026-09-01 10:59:33,NULL,0x0000000000002826
52,usr052@thinkigen.test,TEACHER,1,NULL,Test@12345,2026-04-01 08:00:00,0,NULL,NULL,2026-09-01 10:59:33,NULL,2026-09-01 10:59:33,NULL,0x0000000000002846
53,usr053@thinkigen.test,STUDENT,1,NULL,Test@12345,2026-04-01 08:00:00,0,NULL,NULL,2026-09-01 10:59:33,NULL,2026-09-01 10:59:33,NULL,0x0000000000002827
54,usr054@thinkigen.test,TEACHER,1,NULL,Test@12345,2026-04-01 08:00:00,0,NULL,NULL,2026-09-01 10:59:33,NULL,2026-09-01 10:59:33,NULL,0x0000000000002847
55,usr055@thinkigen.test,STUDENT,1,NULL,Test@12345,2026-04-01 08:00:00,0,NULL,NULL,2026-09-01 10:59:33,NULL,2026-09-01 10:59:33,NULL,0x0000000000002828
56,usr056@thinkigen.test,TEACHER,1,NULL,Test@12345,2026-04-01 08:00:00,0,NULL,NULL,2026-09-01 10:59:33,NULL,2026-09-01 10:59:33,NULL,0x0000000000002848
57,usr057@thinkigen.test,STUDENT,1,NULL,Test@12345,2026-04-01 08:00:00,0,NULL,NULL,2026-09-01 10:59:33,NULL,2026-09-01 10:59:33,NULL,0x0000000000002829
58,usr058@thinkigen.test,TEACHER,1,NULL,Test@12345,2026-04-01 08:00:00,0,NULL,NULL,2026-09-01 10:59:33,NULL,2026-09-01 10:59:33,NULL,0x0000000000002849
59,usr059@thinkigen.test,STUDENT,1,NULL,Test@12345,2026-04-01 08:00:00,0,NULL,NULL,2026-09-01 10:59:33,NULL,2026-09-01 10:59:33,NULL,0x000000000000282A
60,usr060@thinkigen.test,TEACHER,1,NULL,Test@12345,2026-04-01 08:00:00,0,NULL,NULL,2026-09-01 10:59:33,NULL,2026-09-01 10:59:33,NULL,0x000000000000284A
61,usr061@thinkigen.test,STUDENT,1,NULL,Test@12345,2026-04-01 08:00:00,0,NULL,NULL,2026-09-01 10:59:33,NULL,2026-09-01 10:59:33,NULL,0x000000000000282B
62,usr062@thinkigen.test,TEACHER,1,NULL,Test@12345,2026-04-01 08:00:00,0,NULL,NULL,2026-09-01 10:59:33,NULL,2026-09-01 10:59:33,NULL,0x000000000000284B
63,usr063@thinkigen.test,STUDENT,1,NULL,Test@12345,2026-04-01 08:00:00,0,NULL,NULL,2026-09-01 10:59:33,NULL,2026-09-01 10:59:33,NULL,0x000000000000282C
64,usr064@thinkigen.test,TEACHER,1,NULL,Test@12345,2026-04-01 08:00:00,0,NULL,NULL,2026-09-01 10:59:33,NULL,2026-09-01 10:59:33,NULL,0x000000000000284C
65,usr065@thinkigen.test,TRANSPORT,1,NULL,Test@12345,2026-04-01 08:00:00,0,NULL,NULL,2026-09-01 10:59:33,NULL,2026-09-01 10:59:33,NULL,0x000000000000284D
66,usr066@thinkigen.test,TRANSPORT,1,NULL,Test@12345,2026-04-01 08:00:00,0,NULL,NULL,2026-09-01 10:59:33,NULL,2026-09-01 10:59:33,NULL,0x000000000000284E
67,usr067@thinkigen.test,TRANSPORT,1,NULL,Test@12345,2026-04-01 08:00:00,0,NULL,NULL,2026-09-01 10:59:33,NULL,2026-09-01 10:59:33,NULL,0x000000000000284F
68,usr068@thinkigen.test,TRANSPORT,1,NULL,Test@12345,2026-04-01 08:00:00,0,NULL,NULL,2026-09-01 10:59:33,NULL,2026-09-01 10:59:33,NULL,0x0000000000002850
69,usr069@thinkigen.test,TRANSPORT,1,NULL,Test@12345,2026-04-01 08:00:00,0,NULL,NULL,2026-09-01 10:59:33,NULL,2026-09-01 10:59:33,NULL,0x0000000000002851
70,usr070@thinkigen.test,TRANSPORT,1,NULL,Test@12345,2026-04-01 08:00:00,0,NULL,NULL,2026-09-01 10:59:33,NULL,2026-09-01 10:59:33,NULL,0x0000000000002852
71,usr071@thinkigen.test,TRANSPORT,1,NULL,Test@12345,2026-04-01 08:00:00,0,NULL,NULL,2026-09-01 10:59:33,NULL,2026-09-01 10:59:33,NULL,0x0000000000002853
72,usr072@thinkigen.test,TRANSPORT,1,NULL,Test@12345,2026-04-01 08:00:00,0,NULL,NULL,2026-09-01 10:59:33,NULL,2026-09-01 10:59:33,NULL,0x0000000000002854
73,usr073@thinkigen.test,ADMIN,1,NULL,Test@12345,2026-04-01 08:00:00,0,NULL,NULL,2026-09-01 10:59:33,NULL,2026-09-01 10:59:33,NULL,0x0000000000002855
74,usr074@thinkigen.test,ADMIN,1,NULL,Test@12345,2026-04-01 08:00:00,0,NULL,NULL,2026-09-01 10:59:33,NULL,2026-09-01 10:59:33,NULL,0x0000000000002856
