schema_version_id,migration_name,applied_at
1,001_schemas.sql,2026-03-20 08:00:00
2,002_security.sql,2026-03-20 08:01:00
3,003_management.sql,2026-03-20 08:02:00
4,004_teacher.sql,2026-03-20 08:03:00
5,017_exam.sql,2026-03-20 08:04:00
6,005_student.sql,2026-03-20 08:05:00
7,006_assignment.sql,2026-03-20 08:06:00
8,007_announcement.sql,2026-03-20 08:07:00
9,008_timetable.sql,2026-03-20 08:08:00
10,009_homework.sql,2026-03-20 08:09:00
11,010_attendance.sql,2026-03-20 08:10:00
12,011_leave.sql,2026-03-20 08:11:00
13,012_holidays.sql,2026-03-20 08:12:00
14,013_grievance.sql,2026-03-20 08:13:00
15,014_library.sql,2026-03-20 08:14:00
16,015_transport.sql,2026-03-20 08:15:00
17,016_finance.sql,2026-03-20 08:16:00
18,018_student_achievements.sql,2026-03-20 08:17:00
19,019_student_residency_and_section_class_teacher.sql,2026-03-20 08:18:00
