student_guardian_id,student_id,guardian_name,relationship_type,mobile_number,alternate_mobile_number,email_address,occupation,organization_name,is_legal_guardian,is_primary_contact,is_emergency_contact,is_pickup_authorized,is_active,created_at,created_by,updated_at,updated_by,row_version
1,1,Ramesh Kumar,FATHER,918800000001,917700000001,father1@parent.test,Engineer,Kumar Technologies,1,1,1,1,1,2026-09-01 10:59:33,1,2026-09-01 10:59:33,NULL,0x0000000000002964
2,1,Sunitha Kumar,MOTHER,919899999999,NULL,mother1@parent.test,Teacher,Education Services,1,0,1,1,1,2026-09-01 10:59:33,1,2026-09-01 10:59:33,NULL,0x0000000000002984
3,2,Ramesh Kumar,FATHER,918800000002,917700000002,father2@parent.test,Engineer,Kumar Technologies,1,1,1,1,1,2026-09-01 10:59:33,1,2026-09-01 10:59:33,NULL,0x0000000000002965
4,2,Sunitha Kumar,MOTHER,919899999998,NULL,mother2@parent.test,Teacher,Education Services,1,0,1,1,1,2026-09-01 10:59:33,1,2026-09-01 10:59:33,NULL,0x0000000000002985
5,3,Ramesh Kumar,FATHER,918800000003,917700000003,father3@parent.test,Engineer,Kumar Technologies,1,1,1,1,1,2026-09-01 10:59:33,1,2026-09-01 10:59:33,NULL,0x0000000000002966
6,3,Sunitha Kumar,MOTHER,919899999997,NULL,mother3@parent.test,Teacher,Education Services,1,0,1,1,1,2026-09-01 10:59:33,1,2026-09-01 10:59:33,NULL,0x0000000000002986
7,4,Ramesh Kumar,FATHER,918800000004,917700000004,father4@parent.test,Engineer,Kumar Technologies,1,1,1,1,1,2026-09-01 10:59:33,1,2026-09-01 10:59:33,NULL,0x000000000000296A
8,4,Sunitha Kumar,MOTHER,919899999996,NULL,mother4@parent.test,Teacher,Education Services,1,0,1,1,1,2026-09-01 10:59:33,1,2026-09-01 10:59:33,NULL,0x000000000000298A
9,5,Ramesh Kumar,FATHER,918800000005,917700000005,father5@parent.test,Engineer,Kumar Technologies,1,1,1,1,1,2026-09-01 10:59:33,1,2026-09-01 10:59:33,NULL,0x000000000000296C
10,5,Sunitha Kumar,MOTHER,919899999995,NULL,mother5@parent.test,Teacher,Education Services,1,0,1,1,1,2026-09-01 10:59:33,1,2026-09-01 10:59:33,NULL,0x000000000000298C
11,6,Ramesh Kumar,FATHER,918800000006,917700000006,father6@parent.test,Engineer,Kumar Technologies,1,1,1,1,1,2026-09-01 10:59:33,1,2026-09-01 10:59:33,NULL,0x000000000000296D
12,6,Sunitha Kumar,MOTHER,919899999994,NULL,mother6@parent.test,Teacher,Education Services,1,0,1,1,1,2026-09-01 10:59:33,1,2026-09-01 10:59:33,NULL,0x000000000000298D
13,7,Ramesh Kumar,FATHER,918800000007,917700000007,father7@parent.test,Engineer,Kumar Technologies,1,1,1,1,1,2026-09-01 10:59:33,1,2026-09-01 10:59:33,NULL,0x000000000000296E
14,7,Sunitha Kumar,MOTHER,919899999993,NULL,mother7@parent.test,Teacher,Education Services,1,0,1,1,1,2026-09-01 10:59:33,1,2026-09-01 10:59:33,NULL,0x000000000000298E
15,8,Ramesh Kumar,FATHER,918800000008,917700000008,father8@parent.test,Engineer,Kumar Technologies,1,1,1,1,1,2026-09-01 10:59:33,1,2026-09-01 10:59:33,NULL,0x0000000000002972
16,8,Sunitha Kumar,MOTHER,919899999992,NULL,mother8@parent.test,Teacher,Education Services,1,0,1,1,1,2026-09-01 10:59:33,1,2026-09-01 10:59:33,NULL,0x0000000000002992
17,9,Ramesh Kumar,FATHER,918800000009,917700000009,father9@parent.test,Engineer,Kumar Technologies,1,1,1,1,1,2026-09-01 10:59:33,1,2026-09-01 10:59:33,NULL,0x0000000000002974
18,9,Sunitha Kumar,MOTHER,919899999991,NULL,mother9@parent.test,Teacher,Education Services,1,0,1,1,1,2026-09-01 10:59:33,1,2026-09-01 10:59:33,NULL,0x0000000000002994
19,10,Ramesh Kumar,FATHER,918800000010,917700000010,father10@parent.test,Engineer,Kumar Technologies,1,1,1,1,1,2026-09-01 10:59:33,1,2026-09-01 10:59:33,NULL,0x0000000000002975
20,10,Sunitha Kumar,MOTHER,919899999990,NULL,mother10@parent.test,Teacher,Education Services,1,0,1,1,1,2026-09-01 10:59:33,1,2026-09-01 10:59:33,NULL,0x0000000000002995
21,11,Ramesh Kumar,FATHER,918800000011,917700000011,father11@parent.test,Engineer,Kumar Technologies,1,1,1,1,1,2026-09-01 10:59:33,1,2026-09-01 10:59:33,NULL,0x0000000000002976
22,11,Sunitha Kumar,MOTHER,919899999989,NULL,mother11@parent.test,Teacher,Education Services,1,0,1,1,1,2026-09-01 10:59:33,1,2026-09-01 10:59:33,NULL,0x0000000000002996
23,12,Ramesh Kumar,FATHER,918800000012,917700000012,father12@parent.test,Engineer,Kumar Technologies,1,1,1,1,1,2026-09-01 10:59:33,1,2026-09-01 10:59:33,NULL,0x000000000000297A
24,12,Sunitha Kumar,MOTHER,919899999988,NULL,mother12@parent.test,Teacher,Education Services,1,0,1,1,1,2026-09-01 10:59:33,1,2026-09-01 10:59:33,NULL,0x000000000000299A
25,13,Ramesh Kumar,FATHER,918800000013,917700000013,father13@parent.test,Engineer,Kumar Technologies,1,1,1,1,1,2026-09-01 10:59:33,1,2026-09-01 10:59:33,NULL,0x000000000000297C
26,13,Sunitha Kumar,MOTHER,919899999987,NULL,mother13@parent.test,Teacher,Education Services,1,0,1,1,1,2026-09-01 10:59:33,1,2026-09-01 10:59:33,NULL,0x000000000000299C
27,14,Ramesh Kumar,FATHER,918800000014,917700000014,father14@parent.test,Engineer,Kumar Technologies,1,1,1,1,1,2026-09-01 10:59:33,1,2026-09-01 10:59:33,NULL,0x000000000000297D
28,14,Sunitha Kumar,MOTHER,919899999986,NULL,mother14@parent.test,Teacher,Education Services,1,0,1,1,1,2026-09-01 10:59:33,1,2026-09-01 10:59:33,NULL,0x000000000000299D
29,15,Ramesh Kumar,FATHER,918800000015,917700000015,father15@parent.test,Engineer,Kumar Technologies,1,1,1,1,1,2026-09-01 10:59:33,1,2026-09-01 10:59:33,NULL,0x000000000000297E
30,15,Sunitha Kumar,MOTHER,919899999985,NULL,mother15@parent.test,Teacher,Education Services,1,0,1,1,1,2026-09-01 10:59:33,1,2026-09-01 10:59:33,NULL,0x000000000000299E
31,16,Ramesh Kumar,FATHER,918800000016,917700000016,father16@parent.test,Engineer,Kumar Technologies,1,1,1,1,1,2026-09-01 10:59:33,1,2026-09-01 10:59:33,NULL,0x0000000000002982
32,16,Sunitha Kumar,MOTHER,919899999984,NULL,mother16@parent.test,Teacher,Education Services,1,0,1,1,1,2026-09-01 10:59:33,1,2026-09-01 10:59:33,NULL,0x00000000000029A2
33,17,Ramesh Kumar,FATHER,918800000017,917700000017,father17@parent.test,Engineer,Kumar Technologies,1,1,1,1,1,2026-09-01 10:59:33,1,2026-09-01 10:59:33,NULL,0x0000000000002967
34,17,Sunitha Kumar,MOTHER,919899999983,NULL,mother17@parent.test,Teacher,Education Services,1,0,1,1,1,2026-09-01 10:59:33,1,2026-09-01 10:59:33,NULL,0x0000000000002987
35,18,Ramesh Kumar,FATHER,918800000018,917700000018,father18@parent.test,Engineer,Kumar Technologies,1,1,1,1,1,2026-09-01 10:59:33,1,2026-09-01 10:59:33,NULL,0x0000000000002968
36,18,Sunitha Kumar,MOTHER,919899999982,NULL,mother18@parent.test,Teacher,Education Services,1,0,1,1,1,2026-09-01 10:59:33,1,2026-09-01 10:59:33,NULL,0x0000000000002988
37,19,Ramesh Kumar,FATHER,918800000019,917700000019,father19@parent.test,Engineer,Kumar Technologies,1,1,1,1,1,2026-09-01 10:59:33,1,2026-09-01 10:59:33,NULL,0x0000000000002969
38,19,Sunitha Kumar,MOTHER,919899999981,NULL,mother19@parent.test,Teacher,Education Services,1,0,1,1,1,2026-09-01 10:59:33,1,2026-09-01 10:59:33,NULL,0x0000000000002989
39,20,Ramesh Kumar,FATHER,918800000020,917700000020,father20@parent.test,Engineer,Kumar Technologies,1,1,1,1,1,2026-09-01 10:59:33,1,2026-09-01 10:59:33,NULL,0x000000000000296B
40,20,Sunitha Kumar,MOTHER,919899999980,NULL,mother20@parent.test,Teacher,Education Services,1,0,1,1,1,2026-09-01 10:59:33,1,2026-09-01 10:59:33,NULL,0x000000000000298B
41,21,Ramesh Kumar,FATHER,918800000021,917700000021,father21@parent.test,Engineer,Kumar Technologies,1,1,1,1,1,2026-09-01 10:59:33,1,2026-09-01 10:59:33,NULL,0x000000000000296F
42,21,Sunitha Kumar,MOTHER,919899999979,NULL,mother21@parent.test,Teacher,Education Services,1,0,1,1,1,2026-09-01 10:59:33,1,2026-09-01 10:59:33,NULL,0x000000000000298F
43,22,Ramesh Kumar,FATHER,918800000022,917700000022,father22@parent.test,Engineer,Kumar Technologies,1,1,1,1,1,2026-09-01 10:59:33,1,2026-09-01 10:59:33,NULL,0x0000000000002970
44,22,Sunitha Kumar,MOTHER,919899999978,NULL,mother22@parent.test,Teacher,Education Services,1,0,1,1,1,2026-09-01 10:59:33,1,2026-09-01 10:59:33,NULL,0x0000000000002990
45,23,Ramesh Kumar,FATHER,918800000023,917700000023,father23@parent.test,Engineer,Kumar Technologies,1,1,1,1,1,2026-09-01 10:59:33,1,2026-09-01 10:59:33,NULL,0x0000000000002971
46,23,Sunitha Kumar,MOTHER,919899999977,NULL,mother23@parent.test,Teacher,Education Services,1,0,1,1,1,2026-09-01 10:59:33,1,2026-09-01 10:59:33,NULL,0x0000000000002991
47,24,Ramesh Kumar,FATHER,918800000024,917700000024,father24@parent.test,Engineer,Kumar Technologies,1,1,1,1,1,2026-09-01 10:59:33,1,2026-09-01 10:59:33,NULL,0x0000000000002973
48,24,Sunitha Kumar,MOTHER,919899999976,NULL,mother24@parent.test,Teacher,Education Services,1,0,1,1,1,2026-09-01 10:59:33,1,2026-09-01 10:59:33,NULL,0x0000000000002993
49,25,Ramesh Kumar,FATHER,918800000025,917700000025,father25@parent.test,Engineer,Kumar Technologies,1,1,1,1,1,2026-09-01 10:59:33,1,2026-09-01 10:59:33,NULL,0x0000000000002977
50,25,Sunitha Kumar,MOTHER,919899999975,NULL,mother25@parent.test,Teacher,Education Services,1,0,1,1,1,2026-09-01 10:59:33,1,2026-09-01 10:59:33,NULL,0x0000000000002997
51,26,Ramesh Kumar,FATHER,918800000026,917700000026,father26@parent.test,Engineer,Kumar Technologies,1,1,1,1,1,2026-09-01 10:59:33,1,2026-09-01 10:59:33,NULL,0x0000000000002978
52,26,Sunitha Kumar,MOTHER,919899999974,NULL,mother26@parent.test,Teacher,Education Services,1,0,1,1,1,2026-09-01 10:59:33,1,2026-09-01 10:59:33,NULL,0x0000000000002998
53,27,Ramesh Kumar,FATHER,918800000027,917700000027,father27@parent.test,Engineer,Kumar Technologies,1,1,1,1,1,2026-09-01 10:59:33,1,2026-09-01 10:59:33,NULL,0x0000000000002979
54,27,Sunitha Kumar,MOTHER,919899999973,NULL,mother27@parent.test,Teacher,Education Services,1,0,1,1,1,2026-09-01 10:59:33,1,2026-09-01 10:59:33,NULL,0x0000000000002999
55,28,Ramesh Kumar,FATHER,918800000028,917700000028,father28@parent.test,Engineer,Kumar Technologies,1,1,1,1,1,2026-09-01 10:59:33,1,2026-09-01 10:59:33,NULL,0x000000000000297B
56,28,Sunitha Kumar,MOTHER,919899999972,NULL,mother28@parent.test,Teacher,Education Services,1,0,1,1,1,2026-09-01 10:59:33,1,2026-09-01 10:59:33,NULL,0x000000000000299B
57,29,Ramesh Kumar,FATHER,918800000029,917700000029,father29@parent.test,Engineer,Kumar Technologies,1,1,1,1,1,2026-09-01 10:59:33,1,2026-09-01 10:59:33,NULL,0x000000000000297F
58,29,Sunitha Kumar,MOTHER,919899999971,NULL,mother29@parent.test,Teacher,Education Services,1,0,1,1,1,2026-09-01 10:59:33,1,2026-09-01 10:59:33,NULL,0x000000000000299F
59,30,Ramesh Kumar,FATHER,918800000030,917700000030,father30@parent.test,Engineer,Kumar Technologies,1,1,1,1,1,2026-09-01 10:59:33,1,2026-09-01 10:59:33,NULL,0x0000000000002980
60,30,Sunitha Kumar,MOTHER,919899999970,NULL,mother30@parent.test,Teacher,Education Services,1,0,1,1,1,2026-09-01 10:59:33,1,2026-09-01 10:59:33,NULL,0x00000000000029A0
61,31,Ramesh Kumar,FATHER,918800000031,917700000031,father31@parent.test,Engineer,Kumar Technologies,1,1,1,1,1,2026-09-01 10:59:33,1,2026-09-01 10:59:33,NULL,0x0000000000002981
62,31,Sunitha Kumar,MOTHER,919899999969,NULL,mother31@parent.test,Teacher,Education Services,1,0,1,1,1,2026-09-01 10:59:33,1,2026-09-01 10:59:33,NULL,0x00000000000029A1
63,32,Ramesh Kumar,FATHER,918800000032,917700000032,father32@parent.test,Engineer,Kumar Technologies,1,1,1,1,1,2026-09-01 10:59:33,1,2026-09-01 10:59:33,NULL,0x0000000000002983
64,32,Sunitha Kumar,MOTHER,919899999968,NULL,mother32@parent.test,Teacher,Education Services,1,0,1,1,1,2026-09-01 10:59:33,1,2026-09-01 10:59:33,NULL,0x00000000000029A3
