student_id,user_id,school_id,branch_id,academic_year_id,class_id,section_id,admission_number,roll_number,first_name,middle_name,last_name,date_of_birth,gender,blood_group,nationality,mother_tongue,religion,student_category,admission_date,student_status,status_effective_date,mobile_number,email_address,address_line_1,address_line_2,landmark,city,district,state,postal_code,country,is_active,created_at,created_by,updated_at,updated_by,row_version,residency_type
1,1,1,1,1,1,1,STUD001,R-01,Aarav,NULL,Kumar,2013-01-12,MALE,A+,Indian,Telugu,Not Specified,GENERAL,2026-04-01,ACTIVE,2026-04-01,919000000001,stud001@thinkigen.test,"House 101, Main Road",Near Community Park,Campus Area,Hyderabad,Hyderabad,Telangana,500001,India,1,2026-09-01 10:59:33,1,2026-09-01 10:59:33,NULL,0x0000000000002944,DAY_SCHOLAR
2,3,1,1,1,1,2,STUD002,R-02,Anika,NULL,Kumar,2013-01-23,FEMALE,B+,Indian,Telugu,Not Specified,GENERAL,2026-04-01,ACTIVE,2026-04-01,919000000002,stud002@thinkigen.test,"House 102, Main Road",Near Community Park,Campus Area,Hyderabad,Hyderabad,Telangana,500002,India,1,2026-09-01 10:59:33,1,2026-09-01 10:59:33,NULL,0x0000000000002945,DAY_SCHOLAR
3,5,1,1,1,2,3,STUD003,R-01,Vihaan,NULL,Kumar,2013-02-03,MALE,AB+,Indian,Telugu,Not Specified,GENERAL,2026-04-01,ACTIVE,2026-04-01,919000000003,stud003@thinkigen.test,"House 103, Main Road",Near Community Park,Campus Area,Hyderabad,Hyderabad,Telangana,500003,India,1,2026-09-01 10:59:33,1,2026-09-01 10:59:33,NULL,0x0000000000002946,DAY_SCHOLAR
4,7,1,1,1,2,4,STUD004,R-02,Diya,NULL,Kumar,2013-02-14,FEMALE,O+,Indian,Telugu,Not Specified,GENERAL,2026-04-01,ACTIVE,2026-04-01,919000000004,stud004@thinkigen.test,"House 104, Main Road",Near Community Park,Campus Area,Hyderabad,Hyderabad,Telangana,500004,India,1,2026-09-01 10:59:33,1,2026-09-01 10:59:33,NULL,0x0000000000002947,HOSTELLER
5,9,1,2,1,3,5,STUD005,R-01,Aditya,NULL,Kumar,2013-02-25,MALE,A+,Indian,Telugu,Not Specified,SCHOLARSHIP,2026-04-01,ACTIVE,2026-04-01,919000000005,stud005@thinkigen.test,"House 105, Main Road",Near Community Park,Campus Area,Hyderabad,Hyderabad,Telangana,500005,India,1,2026-09-01 10:59:33,1,2026-09-01 10:59:33,NULL,0x0000000000002948,DAY_SCHOLAR
6,11,1,2,1,3,6,STUD006,R-02,Ishita,NULL,Kumar,2013-03-08,FEMALE,B+,Indian,Telugu,Not Specified,GENERAL,2026-04-01,ACTIVE,2026-04-01,919000000006,stud006@thinkigen.test,"House 106, Main Road",Near Community Park,Campus Area,Hyderabad,Hyderabad,Telangana,500006,India,1,2026-09-01 10:59:33,1,2026-09-01 10:59:33,NULL,0x0000000000002949,DAY_SCHOLAR
7,13,1,2,1,4,7,STUD007,R-01,Kabir,NULL,Kumar,2013-03-19,MALE,AB+,Indian,Telugu,Not Specified,GENERAL,2026-04-01,ACTIVE,2026-04-01,919000000007,stud007@thinkigen.test,"House 107, Main Road",Near Community Park,Campus Area,Hyderabad,Hyderabad,Telangana,500007,India,1,2026-09-01 10:59:33,1,2026-09-01 10:59:33,NULL,0x000000000000294A,DAY_SCHOLAR
8,15,1,2,1,4,8,STUD008,R-02,Saanvi,NULL,Kumar,2013-03-30,FEMALE,O+,Indian,Telugu,Not Specified,GENERAL,2026-04-01,ACTIVE,2026-04-01,919000000008,stud008@thinkigen.test,"House 108, Main Road",Near Community Park,Campus Area,Hyderabad,Hyderabad,Telangana,500008,India,1,2026-09-01 10:59:33,1,2026-09-01 10:59:33,NULL,0x000000000000294B,HOSTELLER
9,17,2,3,2,5,9,STUD009,R-01,Arnav,NULL,Kumar,2013-04-10,MALE,A+,Indian,Telugu,Not Specified,GENERAL,2026-04-01,ACTIVE,2026-04-01,919000000009,stud009@thinkigen.test,"House 109, Main Road",Near Community Park,Campus Area,Hyderabad,Hyderabad,Telangana,500009,India,1,2026-09-01 10:59:33,1,2026-09-01 10:59:33,NULL,0x000000000000294C,DAY_SCHOLAR
10,19,2,3,2,5,10,STUD010,R-02,Navya,NULL,Kumar,2013-04-21,FEMALE,B+,Indian,Telugu,Not Specified,SCHOLARSHIP,2026-04-01,ACTIVE,2026-04-01,919000000010,stud010@thinkigen.test,"House 110, Main Road",Near Community Park,Campus Area,Hyderabad,Hyderabad,Telangana,500010,India,1,2026-09-01 10:59:33,1,2026-09-01 10:59:33,NULL,0x000000000000294D,DAY_SCHOLAR
11,21,2,3,2,6,11,STUD011,R-01,Reyansh,NULL,Kumar,2013-05-02,MALE,AB+,Indian,Telugu,Not Specified,GENERAL,2026-04-01,ACTIVE,2026-04-01,919000000011,stud011@thinkigen.test,"House 111, Main Road",Near Community Park,Campus Area,Hyderabad,Hyderabad,Telangana,500011,India,1,2026-09-01 10:59:33,1,2026-09-01 10:59:33,NULL,0x000000000000294E,DAY_SCHOLAR
12,23,2,3,2,6,12,STUD012,R-02,Anaya,NULL,Kumar,2013-05-13,FEMALE,O+,Indian,Telugu,Not Specified,GENERAL,2026-04-01,ACTIVE,2026-04-01,919000000012,stud012@thinkigen.test,"House 112, Main Road",Near Community Park,Campus Area,Hyderabad,Hyderabad,Telangana,500012,India,1,2026-09-01 10:59:33,1,2026-09-01 10:59:33,NULL,0x000000000000294F,HOSTELLER
13,25,2,4,2,7,13,STUD013,R-01,Krishna,NULL,Kumar,2013-05-24,MALE,A+,Indian,Telugu,Not Specified,GENERAL,2026-04-01,ACTIVE,2026-04-01,919000000013,stud013@thinkigen.test,"House 113, Main Road",Near Community Park,Campus Area,Hyderabad,Hyderabad,Telangana,500013,India,1,2026-09-01 10:59:33,1,2026-09-01 10:59:33,NULL,0x0000000000002950,DAY_SCHOLAR
14,27,2,4,2,7,14,STUD014,R-02,Myra,NULL,Kumar,2013-06-04,FEMALE,B+,Indian,Telugu,Not Specified,GENERAL,2026-04-01,ACTIVE,2026-04-01,919000000014,stud014@thinkigen.test,"House 114, Main Road",Near Community Park,Campus Area,Hyderabad,Hyderabad,Telangana,500014,India,1,2026-09-01 10:59:33,1,2026-09-01 10:59:33,NULL,0x0000000000002951,DAY_SCHOLAR
15,29,2,4,2,8,15,STUD015,R-01,Rohan,NULL,Kumar,2013-06-15,MALE,AB+,Indian,Telugu,Not Specified,SCHOLARSHIP,2026-04-01,ACTIVE,2026-04-01,919000000015,stud015@thinkigen.test,"House 115, Main Road",Near Community Park,Campus Area,Hyderabad,Hyderabad,Telangana,500015,India,1,2026-09-01 10:59:33,1,2026-09-01 10:59:33,NULL,0x0000000000002952,DAY_SCHOLAR
16,31,2,4,2,8,16,STUD016,R-02,Tara,NULL,Kumar,2013-06-26,FEMALE,O+,Indian,Telugu,Not Specified,GENERAL,2026-04-01,ACTIVE,2026-04-01,919000000016,stud016@thinkigen.test,"House 116, Main Road",Near Community Park,Campus Area,Hyderabad,Hyderabad,Telangana,500016,India,1,2026-09-01 10:59:33,1,2026-09-01 10:59:33,NULL,0x0000000000002953,HOSTELLER
17,33,1,1,1,1,1,STUD017,R-01,Aarav,NULL,Kumar,2013-07-07,MALE,A+,Indian,Telugu,Not Specified,GENERAL,2026-04-01,ACTIVE,2026-04-01,919000000017,stud017@thinkigen.test,"House 117, Main Road",Near Community Park,Campus Area,Hyderabad,Hyderabad,Telangana,500017,India,1,2026-09-01 10:59:33,1,2026-09-01 10:59:33,NULL,0x0000000000002954,DAY_SCHOLAR
18,35,1,1,1,1,2,STUD018,R-02,Anika,NULL,Kumar,2013-07-18,FEMALE,B+,Indian,Telugu,Not Specified,GENERAL,2026-04-01,ACTIVE,2026-04-01,919000000018,stud018@thinkigen.test,"House 118, Main Road",Near Community Park,Campus Area,Hyderabad,Hyderabad,Telangana,500018,India,1,2026-09-01 10:59:33,1,2026-09-01 10:59:33,NULL,0x0000000000002955,DAY_SCHOLAR
19,37,1,1,1,2,3,STUD019,R-01,Vihaan,NULL,Kumar,2013-07-29,MALE,AB+,Indian,Telugu,Not Specified,GENERAL,2026-04-01,ACTIVE,2026-04-01,919000000019,stud019@thinkigen.test,"House 119, Main Road",Near Community Park,Campus Area,Hyderabad,Hyderabad,Telangana,500019,India,1,2026-09-01 10:59:33,1,2026-09-01 10:59:33,NULL,0x0000000000002956,DAY_SCHOLAR
20,39,1,1,1,2,4,STUD020,R-02,Diya,NULL,Kumar,2013-08-09,FEMALE,O+,Indian,Telugu,Not Specified,SCHOLARSHIP,2026-04-01,ACTIVE,2026-04-01,919000000020,stud020@thinkigen.test,"House 120, Main Road",Near Community Park,Campus Area,Hyderabad,Hyderabad,Telangana,500020,India,1,2026-09-01 10:59:33,1,2026-09-01 10:59:33,NULL,0x0000000000002957,HOSTELLER
21,41,1,2,1,3,5,STUD021,R-01,Aditya,NULL,Kumar,2013-08-20,MALE,A+,Indian,Telugu,Not Specified,GENERAL,2026-04-01,ACTIVE,2026-04-01,919000000021,stud021@thinkigen.test,"House 121, Main Road",Near Community Park,Campus Area,Hyderabad,Hyderabad,Telangana,500021,India,1,2026-09-01 10:59:33,1,2026-09-01 10:59:33,NULL,0x0000000000002958,DAY_SCHOLAR
22,43,1,2,1,3,6,STUD022,R-02,Ishita,NULL,Kumar,2013-08-31,FEMALE,B+,Indian,Telugu,Not Specified,GENERAL,2026-04-01,ACTIVE,2026-04-01,919000000022,stud022@thinkigen.test,"House 122, Main Road",Near Community Park,Campus Area,Hyderabad,Hyderabad,Telangana,500022,India,1,2026-09-01 10:59:33,1,2026-09-01 10:59:33,NULL,0x0000000000002959,DAY_SCHOLAR
23,45,1,2,1,4,7,STUD023,R-01,Kabir,NULL,Kumar,2013-09-11,MALE,AB+,Indian,Telugu,Not Specified,GENERAL,2026-04-01,ACTIVE,2026-04-01,919000000023,stud023@thinkigen.test,"House 123, Main Road",Near Community Park,Campus Area,Hyderabad,Hyderabad,Telangana,500023,India,1,2026-09-01 10:59:33,1,2026-09-01 10:59:33,NULL,0x000000000000295A,DAY_SCHOLAR
24,47,1,2,1,4,8,STUD024,R-02,Saanvi,NULL,Kumar,2013-09-22,FEMALE,O+,Indian,Telugu,Not Specified,GENERAL,2026-04-01,ACTIVE,2026-04-01,919000000024,stud024@thinkigen.test,"House 124, Main Road",Near Community Park,Campus Area,Hyderabad,Hyderabad,Telangana,500024,India,1,2026-09-01 10:59:33,1,2026-09-01 10:59:33,NULL,0x000000000000295B,HOSTELLER
25,49,2,3,2,5,9,STUD025,R-01,Arnav,NULL,Kumar,2013-10-03,MALE,A+,Indian,Telugu,Not Specified,SCHOLARSHIP,2026-04-01,ACTIVE,2026-04-01,919000000025,stud025@thinkigen.test,"House 125, Main Road",Near Community Park,Campus Area,Hyderabad,Hyderabad,Telangana,500025,India,1,2026-09-01 10:59:33,1,2026-09-01 10:59:33,NULL,0x000000000000295C,DAY_SCHOLAR
26,51,2,3,2,5,10,STUD026,R-02,Navya,NULL,Kumar,2013-10-14,FEMALE,B+,Indian,Telugu,Not Specified,GENERAL,2026-04-01,ACTIVE,2026-04-01,919000000026,stud026@thinkigen.test,"House 126, Main Road",Near Community Park,Campus Area,Hyderabad,Hyderabad,Telangana,500026,India,1,2026-09-01 10:59:33,1,2026-09-01 10:59:33,NULL,0x000000000000295D,DAY_SCHOLAR
27,53,2,3,2,6,11,STUD027,R-01,Reyansh,NULL,Kumar,2013-10-25,MALE,AB+,Indian,Telugu,Not Specified,GENERAL,2026-04-01,ACTIVE,2026-04-01,919000000027,stud027@thinkigen.test,"House 127, Main Road",Near Community Park,Campus Area,Hyderabad,Hyderabad,Telangana,500027,India,1,2026-09-01 10:59:33,1,2026-09-01 10:59:33,NULL,0x000000000000295E,DAY_SCHOLAR
28,55,2,3,2,6,12,STUD028,R-02,Anaya,NULL,Kumar,2013-11-05,FEMALE,O+,Indian,Telugu,Not Specified,GENERAL,2026-04-01,ACTIVE,2026-04-01,919000000028,stud028@thinkigen.test,"House 128, Main Road",Near Community Park,Campus Area,Hyderabad,Hyderabad,Telangana,500028,India,1,2026-09-01 10:59:33,1,2026-09-01 10:59:33,NULL,0x000000000000295F,HOSTELLER
29,57,2,4,2,7,13,STUD029,R-01,Krishna,NULL,Kumar,2013-11-16,MALE,A+,Indian,Telugu,Not Specified,GENERAL,2026-04-01,ACTIVE,2026-04-01,919000000029,stud029@thinkigen.test,"House 129, Main Road",Near Community Park,Campus Area,Hyderabad,Hyderabad,Telangana,500029,India,1,2026-09-01 10:59:33,1,2026-09-01 10:59:33,NULL,0x0000000000002960,DAY_SCHOLAR
30,59,2,4,2,7,14,STUD030,R-02,Myra,NULL,Kumar,2013-01-01,FEMALE,B+,Indian,Telugu,Not Specified,SCHOLARSHIP,2026-04-01,ACTIVE,2026-04-01,919000000030,stud030@thinkigen.test,"House 130, Main Road",Near Community Park,Campus Area,Hyderabad,Hyderabad,Telangana,500030,India,1,2026-09-01 10:59:33,1,2026-09-01 10:59:33,NULL,0x0000000000002961,DAY_SCHOLAR
31,61,2,4,2,8,15,STUD031,R-01,Rohan,NULL,Kumar,2013-01-12,MALE,AB+,Indian,Telugu,Not Specified,GENERAL,2026-04-01,ACTIVE,2026-04-01,919000000031,stud031@thinkigen.test,"House 131, Main Road",Near Community Park,Campus Area,Hyderabad,Hyderabad,Telangana,500031,India,1,2026-09-01 10:59:33,1,2026-09-01 10:59:33,NULL,0x0000000000002962,DAY_SCHOLAR
32,63,2,4,2,8,16,STUD032,R-02,Tara,NULL,Kumar,2013-01-23,FEMALE,O+,Indian,Telugu,Not Specified,GENERAL,2026-04-01,ACTIVE,2026-04-01,919000000032,stud032@thinkigen.test,"House 132, Main Road",Near Community Park,Campus Area,Hyderabad,Hyderabad,Telangana,500032,India,1,2026-09-01 10:59:33,1,2026-09-01 10:59:33,NULL,0x0000000000002963,HOSTELLER
