achievement_id,school_id,branch_id,student_id,achievement_title,category,description,achievement_place,achievement_level,date_issued,certificate_url,is_active,created_at,created_by,updated_at,updated_by,row_version
1,1,1,1,Science Model Exhibition,SCIENCE,Mock achievement record for student dashboard and analytics testing.,School Auditorium,SCHOOL,2026-08-18,https://test.thinkigen.local/certificates/1.pdf,1,2026-09-01 10:59:33,1,2026-09-01 10:59:33,NULL,0x000000000000389B
2,1,1,2,Inter School Mathematics Quiz,ACADEMICS,Mock achievement record for student dashboard and analytics testing.,School Auditorium,SCHOOL,2026-08-18,https://test.thinkigen.local/certificates/2.pdf,1,2026-09-01 10:59:33,1,2026-09-01 10:59:33,NULL,0x000000000000389C
3,1,1,3,Science Model Exhibition,SCIENCE,Mock achievement record for student dashboard and analytics testing.,School Auditorium,SCHOOL,2026-08-18,https://test.thinkigen.local/certificates/3.pdf,1,2026-09-01 10:59:33,1,2026-09-01 10:59:33,NULL,0x000000000000389D
4,1,1,4,Inter School Mathematics Quiz,ACADEMICS,Mock achievement record for student dashboard and analytics testing.,School Auditorium,SCHOOL,2026-08-18,https://test.thinkigen.local/certificates/4.pdf,1,2026-09-01 10:59:33,1,2026-09-01 10:59:33,NULL,0x00000000000038A1
5,1,2,5,Science Model Exhibition,SCIENCE,Mock achievement record for student dashboard and analytics testing.,School Auditorium,SCHOOL,2026-08-18,https://test.thinkigen.local/certificates/5.pdf,1,2026-09-01 10:59:33,1,2026-09-01 10:59:33,NULL,0x00000000000038A3
6,1,2,6,Inter School Mathematics Quiz,ACADEMICS,Mock achievement record for student dashboard and analytics testing.,School Auditorium,SCHOOL,2026-08-18,https://test.thinkigen.local/certificates/6.pdf,1,2026-09-01 10:59:33,1,2026-09-01 10:59:33,NULL,0x00000000000038A4
7,1,2,7,Science Model Exhibition,SCIENCE,Mock achievement record for student dashboard and analytics testing.,School Auditorium,SCHOOL,2026-08-18,https://test.thinkigen.local/certificates/7.pdf,1,2026-09-01 10:59:33,1,2026-09-01 10:59:33,NULL,0x00000000000038A5
8,1,2,8,Inter School Mathematics Quiz,ACADEMICS,Mock achievement record for student dashboard and analytics testing.,School Auditorium,SCHOOL,2026-08-18,https://test.thinkigen.local/certificates/8.pdf,1,2026-09-01 10:59:33,1,2026-09-01 10:59:33,NULL,0x00000000000038A9
9,2,3,9,Science Model Exhibition,SCIENCE,Mock achievement record for student dashboard and analytics testing.,School Auditorium,SCHOOL,2026-08-18,https://test.thinkigen.local/certificates/9.pdf,1,2026-09-01 10:59:33,1,2026-09-01 10:59:33,NULL,0x00000000000038AB
10,2,3,10,Inter School Mathematics Quiz,ACADEMICS,Mock achievement record for student dashboard and analytics testing.,School Auditorium,SCHOOL,2026-08-18,https://test.thinkigen.local/certificates/10.pdf,1,2026-09-01 10:59:33,1,2026-09-01 10:59:33,NULL,0x00000000000038AC
11,2,3,11,Science Model Exhibition,SCIENCE,Mock achievement record for student dashboard and analytics testing.,School Auditorium,SCHOOL,2026-08-18,https://test.thinkigen.local/certificates/11.pdf,1,2026-09-01 10:59:33,1,2026-09-01 10:59:33,NULL,0x00000000000038AD
12,2,3,12,Inter School Mathematics Quiz,ACADEMICS,Mock achievement record for student dashboard and analytics testing.,School Auditorium,SCHOOL,2026-08-18,https://test.thinkigen.local/certificates/12.pdf,1,2026-09-01 10:59:33,1,2026-09-01 10:59:33,NULL,0x00000000000038B1
13,2,4,13,Science Model Exhibition,SCIENCE,Mock achievement record for student dashboard and analytics testing.,School Auditorium,SCHOOL,2026-08-18,https://test.thinkigen.local/certificates/13.pdf,1,2026-09-01 10:59:33,1,2026-09-01 10:59:33,NULL,0x00000000000038B3
14,2,4,14,Inter School Mathematics Quiz,ACADEMICS,Mock achievement record for student dashboard and analytics testing.,School Auditorium,SCHOOL,2026-08-18,https://test.thinkigen.local/certificates/14.pdf,1,2026-09-01 10:59:33,1,2026-09-01 10:59:33,NULL,0x00000000000038B4
15,2,4,15,Science Model Exhibition,SCIENCE,Mock achievement record for student dashboard and analytics testing.,School Auditorium,SCHOOL,2026-08-18,https://test.thinkigen.local/certificates/15.pdf,1,2026-09-01 10:59:33,1,2026-09-01 10:59:33,NULL,0x00000000000038B5
16,2,4,16,Inter School Mathematics Quiz,ACADEMICS,Mock achievement record for student dashboard and analytics testing.,School Auditorium,SCHOOL,2026-08-18,https://test.thinkigen.local/certificates/16.pdf,1,2026-09-01 10:59:33,1,2026-09-01 10:59:33,NULL,0x00000000000038B9
17,1,1,17,Science Model Exhibition,SCIENCE,Mock achievement record for student dashboard and analytics testing.,School Auditorium,SCHOOL,2026-08-18,https://test.thinkigen.local/certificates/17.pdf,1,2026-09-01 10:59:33,1,2026-09-01 10:59:33,NULL,0x000000000000389E
18,1,1,18,Inter School Mathematics Quiz,ACADEMICS,Mock achievement record for student dashboard and analytics testing.,School Auditorium,SCHOOL,2026-08-18,https://test.thinkigen.local/certificates/18.pdf,1,2026-09-01 10:59:33,1,2026-09-01 10:59:33,NULL,0x000000000000389F
19,1,1,19,Science Model Exhibition,SCIENCE,Mock achievement record for student dashboard and analytics testing.,School Auditorium,SCHOOL,2026-08-18,https://test.thinkigen.local/certificates/19.pdf,1,2026-09-01 10:59:33,1,2026-09-01 10:59:33,NULL,0x00000000000038A0
20,1,1,20,Inter School Mathematics Quiz,ACADEMICS,Mock achievement record for student dashboard and analytics testing.,School Auditorium,SCHOOL,2026-08-18,https://test.thinkigen.local/certificates/20.pdf,1,2026-09-01 10:59:33,1,2026-09-01 10:59:33,NULL,0x00000000000038A2
21,1,2,21,Science Model Exhibition,SCIENCE,Mock achievement record for student dashboard and analytics testing.,School Auditorium,SCHOOL,2026-08-18,https://test.thinkigen.local/certificates/21.pdf,1,2026-09-01 10:59:33,1,2026-09-01 10:59:33,NULL,0x00000000000038A6
22,1,2,22,Inter School Mathematics Quiz,ACADEMICS,Mock achievement record for student dashboard and analytics testing.,School Auditorium,SCHOOL,2026-08-18,https://test.thinkigen.local/certificates/22.pdf,1,2026-09-01 10:59:33,1,2026-09-01 10:59:33,NULL,0x00000000000038A7
23,1,2,23,Science Model Exhibition,SCIENCE,Mock achievement record for student dashboard and analytics testing.,School Auditorium,SCHOOL,2026-08-18,https://test.thinkigen.local/certificates/23.pdf,1,2026-09-01 10:59:33,1,2026-09-01 10:59:33,NULL,0x00000000000038A8
24,1,2,24,Inter School Mathematics Quiz,ACADEMICS,Mock achievement record for student dashboard and analytics testing.,School Auditorium,SCHOOL,2026-08-18,https://test.thinkigen.local/certificates/24.pdf,1,2026-09-01 10:59:33,1,2026-09-01 10:59:33,NULL,0x00000000000038AA
25,2,3,25,Science Model Exhibition,SCIENCE,Mock achievement record for student dashboard and analytics testing.,School Auditorium,SCHOOL,2026-08-18,https://test.thinkigen.local/certificates/25.pdf,1,2026-09-01 10:59:33,1,2026-09-01 10:59:33,NULL,0x00000000000038AE
26,2,3,26,Inter School Mathematics Quiz,ACADEMICS,Mock achievement record for student dashboard and analytics testing.,School Auditorium,SCHOOL,2026-08-18,https://test.thinkigen.local/certificates/26.pdf,1,2026-09-01 10:59:33,1,2026-09-01 10:59:33,NULL,0x00000000000038AF
27,2,3,27,Science Model Exhibition,SCIENCE,Mock achievement record for student dashboard and analytics testing.,School Auditorium,SCHOOL,2026-08-18,https://test.thinkigen.local/certificates/27.pdf,1,2026-09-01 10:59:33,1,2026-09-01 10:59:33,NULL,0x00000000000038B0
28,2,3,28,Inter School Mathematics Quiz,ACADEMICS,Mock achievement record for student dashboard and analytics testing.,School Auditorium,SCHOOL,2026-08-18,https://test.thinkigen.local/certificates/28.pdf,1,2026-09-01 10:59:33,1,2026-09-01 10:59:33,NULL,0x00000000000038B2
29,2,4,29,Science Model Exhibition,SCIENCE,Mock achievement record for student dashboard and analytics testing.,School Auditorium,SCHOOL,2026-08-18,https://test.thinkigen.local/certificates/29.pdf,1,2026-09-01 10:59:33,1,2026-09-01 10:59:33,NULL,0x00000000000038B6
30,2,4,30,Inter School Mathematics Quiz,ACADEMICS,Mock achievement record for student dashboard and analytics testing.,School Auditorium,SCHOOL,2026-08-18,https://test.thinkigen.local/certificates/30.pdf,1,2026-09-01 10:59:33,1,2026-09-01 10:59:33,NULL,0x00000000000038B7
31,2,4,31,Science Model Exhibition,SCIENCE,Mock achievement record for student dashboard and analytics testing.,School Auditorium,SCHOOL,2026-08-18,https://test.thinkigen.local/certificates/31.pdf,1,2026-09-01 10:59:33,1,2026-09-01 10:59:33,NULL,0x00000000000038B8
32,2,4,32,Inter School Mathematics Quiz,ACADEMICS,Mock achievement record for student dashboard and analytics testing.,School Auditorium,SCHOOL,2026-08-18,https://test.thinkigen.local/certificates/32.pdf,1,2026-09-01 10:59:33,1,2026-09-01 10:59:33,NULL,0x00000000000038BA
