student_leave_id,school_id,branch_id,academic_year_id,class_id,section_id,student_id,leave_type,duration_type,half_day_session,start_date,end_date,reason,status,applied_at,reviewed_at,reviewed_by,review_remarks,is_active,created_at,created_by,updated_at,updated_by,row_version
1,1,1,1,1,1,1,SICK,FULL_DAY,NULL,2026-09-03,2026-09-03,Fever and rest,APPROVED,2026-08-28 12:00:00,2026-08-29 10:00:00,2,Leave approved by the section class teacher,1,2026-09-01 10:59:33,1,2026-09-01 10:59:33,NULL,0x0000000000003631
2,1,1,1,1,2,2,PERSONAL,FULL_DAY,NULL,2026-09-04,2026-09-04,Family function,APPROVED,2026-08-28 12:00:00,2026-08-29 10:00:00,6,Leave approved by the section class teacher,1,2026-09-01 10:59:33,3,2026-09-01 10:59:33,NULL,0x0000000000003633
3,1,1,1,2,3,3,SICK,FULL_DAY,NULL,2026-09-05,2026-09-05,Fever and rest,PENDING,2026-08-28 12:00:00,NULL,NULL,NULL,1,2026-09-01 10:59:33,5,2026-09-01 10:59:33,NULL,0x0000000000003635
4,1,1,1,2,4,4,PERSONAL,FULL_DAY,NULL,2026-09-06,2026-09-06,Family function,APPROVED,2026-08-28 12:00:00,2026-08-29 10:00:00,14,Leave approved by the section class teacher,1,2026-09-01 10:59:33,7,2026-09-01 10:59:33,NULL,0x0000000000003637
5,1,2,1,3,5,5,SICK,FULL_DAY,NULL,2026-09-02,2026-09-02,Fever and rest,APPROVED,2026-08-28 12:00:00,2026-08-29 10:00:00,18,Leave approved by the section class teacher,1,2026-09-01 10:59:33,9,2026-09-01 10:59:33,NULL,0x0000000000003639
6,1,2,1,3,6,6,PERSONAL,FULL_DAY,NULL,2026-09-03,2026-09-03,Family function,PENDING,2026-08-28 12:00:00,NULL,NULL,NULL,1,2026-09-01 10:59:33,11,2026-09-01 10:59:33,NULL,0x000000000000363B
7,1,2,1,4,7,7,SICK,FULL_DAY,NULL,2026-09-04,2026-09-04,Fever and rest,APPROVED,2026-08-28 12:00:00,2026-08-29 10:00:00,26,Leave approved by the section class teacher,1,2026-09-01 10:59:33,13,2026-09-01 10:59:33,NULL,0x000000000000363D
8,1,2,1,4,8,8,PERSONAL,FULL_DAY,NULL,2026-09-05,2026-09-05,Family function,APPROVED,2026-08-28 12:00:00,2026-08-29 10:00:00,30,Leave approved by the section class teacher,1,2026-09-01 10:59:33,15,2026-09-01 10:59:33,NULL,0x000000000000363F
9,2,3,2,5,9,9,SICK,FULL_DAY,NULL,2026-09-06,2026-09-06,Fever and rest,PENDING,2026-08-28 12:00:00,NULL,NULL,NULL,1,2026-09-01 10:59:33,17,2026-09-01 10:59:33,NULL,0x0000000000003641
10,2,3,2,5,10,10,PERSONAL,FULL_DAY,NULL,2026-09-02,2026-09-02,Family function,APPROVED,2026-08-28 12:00:00,2026-08-29 10:00:00,38,Leave approved by the section class teacher,1,2026-09-01 10:59:33,19,2026-09-01 10:59:33,NULL,0x0000000000003643
11,2,3,2,6,11,11,SICK,FULL_DAY,NULL,2026-09-03,2026-09-03,Fever and rest,APPROVED,2026-08-28 12:00:00,2026-08-29 10:00:00,42,Leave approved by the section class teacher,1,2026-09-01 10:59:33,21,2026-09-01 10:59:33,NULL,0x0000000000003645
12,2,3,2,6,12,12,PERSONAL,FULL_DAY,NULL,2026-09-04,2026-09-04,Family function,PENDING,2026-08-28 12:00:00,NULL,NULL,NULL,1,2026-09-01 10:59:33,23,2026-09-01 10:59:33,NULL,0x0000000000003647
13,2,4,2,7,13,13,SICK,FULL_DAY,NULL,2026-09-05,2026-09-05,Fever and rest,APPROVED,2026-08-28 12:00:00,2026-08-29 10:00:00,50,Leave approved by the section class teacher,1,2026-09-01 10:59:33,25,2026-09-01 10:59:33,NULL,0x0000000000003649
14,2,4,2,7,14,14,PERSONAL,FULL_DAY,NULL,2026-09-06,2026-09-06,Family function,APPROVED,2026-08-28 12:00:00,2026-08-29 10:00:00,54,Leave approved by the section class teacher,1,2026-09-01 10:59:33,27,2026-09-01 10:59:33,NULL,0x000000000000364B
15,2,4,2,8,15,15,SICK,FULL_DAY,NULL,2026-09-02,2026-09-02,Fever and rest,PENDING,2026-08-28 12:00:00,NULL,NULL,NULL,1,2026-09-01 10:59:33,29,2026-09-01 10:59:33,NULL,0x000000000000364D
16,2,4,2,8,16,16,PERSONAL,FULL_DAY,NULL,2026-09-03,2026-09-03,Family function,APPROVED,2026-08-28 12:00:00,2026-08-29 10:00:00,62,Leave approved by the section class teacher,1,2026-09-01 10:59:33,31,2026-09-01 10:59:33,NULL,0x000000000000364F
17,1,1,1,1,1,17,SICK,FULL_DAY,NULL,2026-09-04,2026-09-04,Fever and rest,APPROVED,2026-08-28 12:00:00,2026-08-29 10:00:00,2,Leave approved by the section class teacher,1,2026-09-01 10:59:33,33,2026-09-01 10:59:33,NULL,0x0000000000003632
18,1,1,1,1,2,18,PERSONAL,FULL_DAY,NULL,2026-09-05,2026-09-05,Family function,PENDING,2026-08-28 12:00:00,NULL,NULL,NULL,1,2026-09-01 10:59:33,35,2026-09-01 10:59:33,NULL,0x0000000000003634
19,1,1,1,2,3,19,SICK,FULL_DAY,NULL,2026-09-06,2026-09-06,Fever and rest,APPROVED,2026-08-28 12:00:00,2026-08-29 10:00:00,10,Leave approved by the section class teacher,1,2026-09-01 10:59:33,37,2026-09-01 10:59:33,NULL,0x0000000000003636
20,1,1,1,2,4,20,PERSONAL,FULL_DAY,NULL,2026-09-02,2026-09-02,Family function,APPROVED,2026-08-28 12:00:00,2026-08-29 10:00:00,14,Leave approved by the section class teacher,1,2026-09-01 10:59:33,39,2026-09-01 10:59:33,NULL,0x0000000000003638
21,1,2,1,3,5,21,SICK,FULL_DAY,NULL,2026-09-03,2026-09-03,Fever and rest,PENDING,2026-08-28 12:00:00,NULL,NULL,NULL,1,2026-09-01 10:59:33,41,2026-09-01 10:59:33,NULL,0x000000000000363A
22,1,2,1,3,6,22,PERSONAL,FULL_DAY,NULL,2026-09-04,2026-09-04,Family function,APPROVED,2026-08-28 12:00:00,2026-08-29 10:00:00,22,Leave approved by the section class teacher,1,2026-09-01 10:59:33,43,2026-09-01 10:59:33,NULL,0x000000000000363C
23,1,2,1,4,7,23,SICK,FULL_DAY,NULL,2026-09-05,2026-09-05,Fever and rest,APPROVED,2026-08-28 12:00:00,2026-08-29 10:00:00,26,Leave approved by the section class teacher,1,2026-09-01 10:59:33,45,2026-09-01 10:59:33,NULL,0x000000000000363E
24,1,2,1,4,8,24,PERSONAL,FULL_DAY,NULL,2026-09-06,2026-09-06,Family function,PENDING,2026-08-28 12:00:00,NULL,NULL,NULL,1,2026-09-01 10:59:33,47,2026-09-01 10:59:33,NULL,0x0000000000003640
25,2,3,2,5,9,25,SICK,FULL_DAY,NULL,2026-09-02,2026-09-02,Fever and rest,APPROVED,2026-08-28 12:00:00,2026-08-29 10:00:00,34,Leave approved by the section class teacher,1,2026-09-01 10:59:33,49,2026-09-01 10:59:33,NULL,0x0000000000003642
26,2,3,2,5,10,26,PERSONAL,FULL_DAY,NULL,2026-09-03,2026-09-03,Family function,APPROVED,2026-08-28 12:00:00,2026-08-29 10:00:00,38,Leave approved by the section class teacher,1,2026-09-01 10:59:33,51,2026-09-01 10:59:33,NULL,0x0000000000003644
27,2,3,2,6,11,27,SICK,FULL_DAY,NULL,2026-09-04,2026-09-04,Fever and rest,PENDING,2026-08-28 12:00:00,NULL,NULL,NULL,1,2026-09-01 10:59:33,53,2026-09-01 10:59:33,NULL,0x0000000000003646
28,2,3,2,6,12,28,PERSONAL,FULL_DAY,NULL,2026-09-05,2026-09-05,Family function,APPROVED,2026-08-28 12:00:00,2026-08-29 10:00:00,46,Leave approved by the section class teacher,1,2026-09-01 10:59:33,55,2026-09-01 10:59:33,NULL,0x0000000000003648
29,2,4,2,7,13,29,SICK,FULL_DAY,NULL,2026-09-06,2026-09-06,Fever and rest,APPROVED,2026-08-28 12:00:00,2026-08-29 10:00:00,50,Leave approved by the section class teacher,1,2026-09-01 10:59:33,57,2026-09-01 10:59:33,NULL,0x000000000000364A
30,2,4,2,7,14,30,PERSONAL,FULL_DAY,NULL,2026-09-02,2026-09-02,Family function,PENDING,2026-08-28 12:00:00,NULL,NULL,NULL,1,2026-09-01 10:59:33,59,2026-09-01 10:59:33,NULL,0x000000000000364C
31,2,4,2,8,15,31,SICK,FULL_DAY,NULL,2026-09-03,2026-09-03,Fever and rest,APPROVED,2026-08-28 12:00:00,2026-08-29 10:00:00,58,Leave approved by the section class teacher,1,2026-09-01 10:59:33,61,2026-09-01 10:59:33,NULL,0x000000000000364E
32,2,4,2,8,16,32,PERSONAL,FULL_DAY,NULL,2026-09-04,2026-09-04,Family function,APPROVED,2026-08-28 12:00:00,2026-08-29 10:00:00,62,Leave approved by the section class teacher,1,2026-09-01 10:59:33,63,2026-09-01 10:59:33,NULL,0x0000000000003650
