exam_result_id,exam_schedule_id,school_id,branch_id,academic_year_id,class_id,section_id,student_id,marks_obtained,result_status,grade,rank_in_class,remarks,published_at,is_active,created_at,created_by,updated_at,updated_by,row_version
1,1,1,1,1,1,1,1,68.00,PASS,B,1,Performance recorded,2026-08-20 10:00:00,1,2026-09-01 10:59:33,1,2026-09-01 10:59:33,NULL,0x0000000000002A15
2,1,1,1,1,1,1,17,63.00,PASS,B,1,Performance recorded,2026-08-20 10:00:00,1,2026-09-01 10:59:33,1,2026-09-01 10:59:33,NULL,0x0000000000002A16
3,2,1,1,1,1,1,1,71.00,PASS,B+,1,Performance recorded,2026-08-20 10:00:00,1,2026-09-01 10:59:33,1,2026-09-01 10:59:33,NULL,0x0000000000002A17
4,2,1,1,1,1,1,17,66.00,PASS,B,1,Performance recorded,2026-08-20 10:00:00,1,2026-09-01 10:59:33,1,2026-09-01 10:59:33,NULL,0x0000000000002A18
5,3,1,1,1,1,1,1,74.00,PASS,B+,1,Performance recorded,2026-08-20 10:00:00,1,2026-09-01 10:59:33,1,2026-09-01 10:59:33,NULL,0x0000000000002A19
6,3,1,1,1,1,1,17,69.00,PASS,B,1,Performance recorded,2026-08-20 10:00:00,1,2026-09-01 10:59:33,1,2026-09-01 10:59:33,NULL,0x0000000000002A1A
7,4,1,1,1,1,1,1,77.00,PASS,B+,1,Performance recorded,2026-08-20 10:00:00,1,2026-09-01 10:59:33,1,2026-09-01 10:59:33,NULL,0x0000000000002A1B
8,4,1,1,1,1,1,17,72.00,PASS,B+,1,Performance recorded,2026-08-20 10:00:00,1,2026-09-01 10:59:33,1,2026-09-01 10:59:33,NULL,0x0000000000002A1C
9,5,1,1,1,1,1,1,80.00,PASS,A,1,Performance recorded,2026-08-20 10:00:00,1,2026-09-01 10:59:33,1,2026-09-01 10:59:33,NULL,0x0000000000002A1D
10,5,1,1,1,1,1,17,75.00,PASS,B+,1,Performance recorded,2026-08-20 10:00:00,1,2026-09-01 10:59:33,1,2026-09-01 10:59:33,NULL,0x0000000000002A1E
11,6,1,1,1,1,1,1,83.00,PASS,A,1,Performance recorded,2026-08-20 10:00:00,1,2026-09-01 10:59:33,1,2026-09-01 10:59:33,NULL,0x0000000000002A1F
12,6,1,1,1,1,1,17,78.00,PASS,B+,1,Performance recorded,2026-08-20 10:00:00,1,2026-09-01 10:59:33,1,2026-09-01 10:59:33,NULL,0x0000000000002A20
13,7,1,1,1,1,2,2,93.00,PASS,A+,2,Performance recorded,2026-08-20 10:00:00,1,2026-09-01 10:59:33,1,2026-09-01 10:59:33,NULL,0x0000000000002A21
14,7,1,1,1,1,2,18,88.00,PASS,A,2,Performance recorded,2026-08-20 10:00:00,1,2026-09-01 10:59:33,1,2026-09-01 10:59:33,NULL,0x0000000000002A22
15,8,1,1,1,1,2,2,96.00,PASS,A+,2,Performance recorded,2026-08-20 10:00:00,1,2026-09-01 10:59:33,1,2026-09-01 10:59:33,NULL,0x0000000000002A23
16,8,1,1,1,1,2,18,91.00,PASS,A+,2,Performance recorded,2026-08-20 10:00:00,1,2026-09-01 10:59:33,1,2026-09-01 10:59:33,NULL,0x0000000000002A24
17,9,1,1,1,1,2,2,60.00,PASS,B,2,Performance recorded,2026-08-20 10:00:00,1,2026-09-01 10:59:33,1,2026-09-01 10:59:33,NULL,0x0000000000002A25
18,9,1,1,1,1,2,18,94.00,PASS,A+,2,Performance recorded,2026-08-20 10:00:00,1,2026-09-01 10:59:33,1,2026-09-01 10:59:33,NULL,0x0000000000002A26
19,10,1,1,1,1,2,2,63.00,PASS,B,2,Performance recorded,2026-08-20 10:00:00,1,2026-09-01 10:59:33,1,2026-09-01 10:59:33,NULL,0x0000000000002A27
20,10,1,1,1,1,2,18,58.00,PASS,C,2,Performance recorded,2026-08-20 10:00:00,1,2026-09-01 10:59:33,1,2026-09-01 10:59:33,NULL,0x0000000000002A28
21,11,1,1,1,1,2,2,66.00,PASS,B,2,Performance recorded,2026-08-20 10:00:00,1,2026-09-01 10:59:33,1,2026-09-01 10:59:33,NULL,0x0000000000002A29
22,11,1,1,1,1,2,18,61.00,PASS,B,2,Performance recorded,2026-08-20 10:00:00,1,2026-09-01 10:59:33,1,2026-09-01 10:59:33,NULL,0x0000000000002A2A
23,12,1,1,1,1,2,2,69.00,PASS,B,2,Performance recorded,2026-08-20 10:00:00,1,2026-09-01 10:59:33,1,2026-09-01 10:59:33,NULL,0x0000000000002A2B
24,12,1,1,1,1,2,18,64.00,PASS,B,2,Performance recorded,2026-08-20 10:00:00,1,2026-09-01 10:59:33,1,2026-09-01 10:59:33,NULL,0x0000000000002A2C
25,13,1,1,1,2,3,3,79.00,PASS,B+,1,Performance recorded,2026-08-20 10:00:00,1,2026-09-01 10:59:33,1,2026-09-01 10:59:33,NULL,0x0000000000002A2D
26,13,1,1,1,2,3,19,74.00,PASS,B+,1,Performance recorded,2026-08-20 10:00:00,1,2026-09-01 10:59:33,1,2026-09-01 10:59:33,NULL,0x0000000000002A2E
27,14,1,1,1,2,3,3,82.00,PASS,A,1,Performance recorded,2026-08-20 10:00:00,1,2026-09-01 10:59:33,1,2026-09-01 10:59:33,NULL,0x0000000000002A2F
28,14,1,1,1,2,3,19,77.00,PASS,B+,1,Performance recorded,2026-08-20 10:00:00,1,2026-09-01 10:59:33,1,2026-09-01 10:59:33,NULL,0x0000000000002A30
29,15,1,1,1,2,3,3,85.00,PASS,A,1,Performance recorded,2026-08-20 10:00:00,1,2026-09-01 10:59:33,1,2026-09-01 10:59:33,NULL,0x0000000000002A31
30,15,1,1,1,2,3,19,80.00,PASS,A,1,Performance recorded,2026-08-20 10:00:00,1,2026-09-01 10:59:33,1,2026-09-01 10:59:33,NULL,0x0000000000002A32
31,16,1,1,1,2,3,3,88.00,PASS,A,1,Performance recorded,2026-08-20 10:00:00,1,2026-09-01 10:59:33,1,2026-09-01 10:59:33,NULL,0x0000000000002A33
32,16,1,1,1,2,3,19,83.00,PASS,A,1,Performance recorded,2026-08-20 10:00:00,1,2026-09-01 10:59:33,1,2026-09-01 10:59:33,NULL,0x0000000000002A34
33,17,1,1,1,2,3,3,91.00,PASS,A+,1,Performance recorded,2026-08-20 10:00:00,1,2026-09-01 10:59:33,1,2026-09-01 10:59:33,NULL,0x0000000000002A35
34,17,1,1,1,2,3,19,86.00,PASS,A,1,Performance recorded,2026-08-20 10:00:00,1,2026-09-01 10:59:33,1,2026-09-01 10:59:33,NULL,0x0000000000002A36
35,18,1,1,1,2,3,3,94.00,PASS,A+,1,Performance recorded,2026-08-20 10:00:00,1,2026-09-01 10:59:33,1,2026-09-01 10:59:33,NULL,0x0000000000002A37
36,18,1,1,1,2,3,19,89.00,PASS,A,1,Performance recorded,2026-08-20 10:00:00,1,2026-09-01 10:59:33,1,2026-09-01 10:59:33,NULL,0x0000000000002A38
37,19,1,1,1,2,4,4,65.00,PASS,B,2,Performance recorded,2026-08-20 10:00:00,1,2026-09-01 10:59:33,1,2026-09-01 10:59:33,NULL,0x0000000000002A39
38,19,1,1,1,2,4,20,60.00,PASS,B,2,Performance recorded,2026-08-20 10:00:00,1,2026-09-01 10:59:33,1,2026-09-01 10:59:33,NULL,0x0000000000002A3A
39,20,1,1,1,2,4,4,68.00,PASS,B,2,Performance recorded,2026-08-20 10:00:00,1,2026-09-01 10:59:33,1,2026-09-01 10:59:33,NULL,0x0000000000002A3B
40,20,1,1,1,2,4,20,63.00,PASS,B,2,Performance recorded,2026-08-20 10:00:00,1,2026-09-01 10:59:33,1,2026-09-01 10:59:33,NULL,0x0000000000002A3C
41,21,1,1,1,2,4,4,71.00,PASS,B+,2,Performance recorded,2026-08-20 10:00:00,1,2026-09-01 10:59:33,1,2026-09-01 10:59:33,NULL,0x0000000000002A3D
42,21,1,1,1,2,4,20,66.00,PASS,B,2,Performance recorded,2026-08-20 10:00:00,1,2026-09-01 10:59:33,1,2026-09-01 10:59:33,NULL,0x0000000000002A3E
43,22,1,1,1,2,4,4,74.00,PASS,B+,2,Performance recorded,2026-08-20 10:00:00,1,2026-09-01 10:59:33,1,2026-09-01 10:59:33,NULL,0x0000000000002A3F
44,22,1,1,1,2,4,20,69.00,PASS,B,2,Performance recorded,2026-08-20 10:00:00,1,2026-09-01 10:59:33,1,2026-09-01 10:59:33,NULL,0x0000000000002A40
45,23,1,1,1,2,4,4,77.00,PASS,B+,2,Performance recorded,2026-08-20 10:00:00,1,2026-09-01 10:59:33,1,2026-09-01 10:59:33,NULL,0x0000000000002A41
46,23,1,1,1,2,4,20,72.00,PASS,B+,2,Performance recorded,2026-08-20 10:00:00,1,2026-09-01 10:59:33,1,2026-09-01 10:59:33,NULL,0x0000000000002A42
47,24,1,1,1,2,4,4,80.00,PASS,A,2,Performance recorded,2026-08-20 10:00:00,1,2026-09-01 10:59:33,1,2026-09-01 10:59:33,NULL,0x0000000000002A43
48,24,1,1,1,2,4,20,75.00,PASS,B+,2,Performance recorded,2026-08-20 10:00:00,1,2026-09-01 10:59:33,1,2026-09-01 10:59:33,NULL,0x0000000000002A44
49,25,1,2,1,3,5,5,90.00,PASS,A+,1,Performance recorded,2026-08-20 10:00:00,1,2026-09-01 10:59:33,1,2026-09-01 10:59:33,NULL,0x0000000000002A45
50,25,1,2,1,3,5,21,85.00,PASS,A,1,Performance recorded,2026-08-20 10:00:00,1,2026-09-01 10:59:33,1,2026-09-01 10:59:33,NULL,0x0000000000002A46
51,26,1,2,1,3,5,5,93.00,PASS,A+,1,Performance recorded,2026-08-20 10:00:00,1,2026-09-01 10:59:33,1,2026-09-01 10:59:33,NULL,0x0000000000002A47
52,26,1,2,1,3,5,21,88.00,PASS,A,1,Performance recorded,2026-08-20 10:00:00,1,2026-09-01 10:59:33,1,2026-09-01 10:59:33,NULL,0x0000000000002A48
53,27,1,2,1,3,5,5,96.00,PASS,A+,1,Performance recorded,2026-08-20 10:00:00,1,2026-09-01 10:59:33,1,2026-09-01 10:59:33,NULL,0x0000000000002A49
54,27,1,2,1,3,5,21,91.00,PASS,A+,1,Performance recorded,2026-08-20 10:00:00,1,2026-09-01 10:59:33,1,2026-09-01 10:59:33,NULL,0x0000000000002A4A
55,28,1,2,1,3,5,5,60.00,PASS,B,1,Performance recorded,2026-08-20 10:00:00,1,2026-09-01 10:59:33,1,2026-09-01 10:59:33,NULL,0x0000000000002A4B
56,28,1,2,1,3,5,21,94.00,PASS,A+,1,Performance recorded,2026-08-20 10:00:00,1,2026-09-01 10:59:33,1,2026-09-01 10:59:33,NULL,0x0000000000002A4C
57,29,1,2,1,3,5,5,63.00,PASS,B,1,Performance recorded,2026-08-20 10:00:00,1,2026-09-01 10:59:33,1,2026-09-01 10:59:33,NULL,0x0000000000002A4D
58,29,1,2,1,3,5,21,58.00,PASS,C,1,Performance recorded,2026-08-20 10:00:00,1,2026-09-01 10:59:33,1,2026-09-01 10:59:33,NULL,0x0000000000002A4E
59,30,1,2,1,3,5,5,66.00,PASS,B,1,Performance recorded,2026-08-20 10:00:00,1,2026-09-01 10:59:33,1,2026-09-01 10:59:33,NULL,0x0000000000002A4F
60,30,1,2,1,3,5,21,61.00,PASS,B,1,Performance recorded,2026-08-20 10:00:00,1,2026-09-01 10:59:33,1,2026-09-01 10:59:33,NULL,0x0000000000002A50
61,31,1,2,1,3,6,6,76.00,PASS,B+,2,Performance recorded,2026-08-20 10:00:00,1,2026-09-01 10:59:33,1,2026-09-01 10:59:33,NULL,0x0000000000002A51
62,31,1,2,1,3,6,22,71.00,PASS,B+,2,Performance recorded,2026-08-20 10:00:00,1,2026-09-01 10:59:33,1,2026-09-01 10:59:33,NULL,0x0000000000002A52
63,32,1,2,1,3,6,6,79.00,PASS,B+,2,Performance recorded,2026-08-20 10:00:00,1,2026-09-01 10:59:33,1,2026-09-01 10:59:33,NULL,0x0000000000002A53
64,32,1,2,1,3,6,22,74.00,PASS,B+,2,Performance recorded,2026-08-20 10:00:00,1,2026-09-01 10:59:33,1,2026-09-01 10:59:33,NULL,0x0000000000002A54
65,33,1,2,1,3,6,6,82.00,PASS,A,2,Performance recorded,2026-08-20 10:00:00,1,2026-09-01 10:59:33,1,2026-09-01 10:59:33,NULL,0x0000000000002A55
66,33,1,2,1,3,6,22,77.00,PASS,B+,2,Performance recorded,2026-08-20 10:00:00,1,2026-09-01 10:59:33,1,2026-09-01 10:59:33,NULL,0x0000000000002A56
67,34,1,2,1,3,6,6,85.00,PASS,A,2,Performance recorded,2026-08-20 10:00:00,1,2026-09-01 10:59:33,1,2026-09-01 10:59:33,NULL,0x0000000000002A57
68,34,1,2,1,3,6,22,80.00,PASS,A,2,Performance recorded,2026-08-20 10:00:00,1,2026-09-01 10:59:33,1,2026-09-01 10:59:33,NULL,0x0000000000002A58
69,35,1,2,1,3,6,6,88.00,PASS,A,2,Performance recorded,2026-08-20 10:00:00,1,2026-09-01 10:59:33,1,2026-09-01 10:59:33,NULL,0x0000000000002A59
70,35,1,2,1,3,6,22,83.00,PASS,A,2,Performance recorded,2026-08-20 10:00:00,1,2026-09-01 10:59:33,1,2026-09-01 10:59:33,NULL,0x0000000000002A5A
71,36,1,2,1,3,6,6,91.00,PASS,A+,2,Performance recorded,2026-08-20 10:00:00,1,2026-09-01 10:59:33,1,2026-09-01 10:59:33,NULL,0x0000000000002A5B
72,36,1,2,1,3,6,22,86.00,PASS,A,2,Performance recorded,2026-08-20 10:00:00,1,2026-09-01 10:59:33,1,2026-09-01 10:59:33,NULL,0x0000000000002A5C
73,37,1,2,1,4,7,7,62.00,PASS,B,1,Performance recorded,2026-08-20 10:00:00,1,2026-09-01 10:59:33,1,2026-09-01 10:59:33,NULL,0x0000000000002A5D
74,37,1,2,1,4,7,23,96.00,PASS,A+,1,Performance recorded,2026-08-20 10:00:00,1,2026-09-01 10:59:33,1,2026-09-01 10:59:33,NULL,0x0000000000002A5E
75,38,1,2,1,4,7,7,65.00,PASS,B,1,Performance recorded,2026-08-20 10:00:00,1,2026-09-01 10:59:33,1,2026-09-01 10:59:33,NULL,0x0000000000002A5F
76,38,1,2,1,4,7,23,60.00,PASS,B,1,Performance recorded,2026-08-20 10:00:00,1,2026-09-01 10:59:33,1,2026-09-01 10:59:33,NULL,0x0000000000002A60
77,39,1,2,1,4,7,7,68.00,PASS,B,1,Performance recorded,2026-08-20 10:00:00,1,2026-09-01 10:59:33,1,2026-09-01 10:59:33,NULL,0x0000000000002A61
78,39,1,2,1,4,7,23,63.00,PASS,B,1,Performance recorded,2026-08-20 10:00:00,1,2026-09-01 10:59:33,1,2026-09-01 10:59:33,NULL,0x0000000000002A62
79,40,1,2,1,4,7,7,71.00,PASS,B+,1,Performance recorded,2026-08-20 10:00:00,1,2026-09-01 10:59:33,1,2026-09-01 10:59:33,NULL,0x0000000000002A63
80,40,1,2,1,4,7,23,66.00,PASS,B,1,Performance recorded,2026-08-20 10:00:00,1,2026-09-01 10:59:33,1,2026-09-01 10:59:33,NULL,0x0000000000002A64
81,41,1,2,1,4,7,7,74.00,PASS,B+,1,Performance recorded,2026-08-20 10:00:00,1,2026-09-01 10:59:33,1,2026-09-01 10:59:33,NULL,0x0000000000002A65
82,41,1,2,1,4,7,23,69.00,PASS,B,1,Performance recorded,2026-08-20 10:00:00,1,2026-09-01 10:59:33,1,2026-09-01 10:59:33,NULL,0x0000000000002A66
83,42,1,2,1,4,7,7,77.00,PASS,B+,1,Performance recorded,2026-08-20 10:00:00,1,2026-09-01 10:59:33,1,2026-09-01 10:59:33,NULL,0x0000000000002A67
84,42,1,2,1,4,7,23,72.00,PASS,B+,1,Performance recorded,2026-08-20 10:00:00,1,2026-09-01 10:59:33,1,2026-09-01 10:59:33,NULL,0x0000000000002A68
85,43,1,2,1,4,8,8,87.00,PASS,A,2,Performance recorded,2026-08-20 10:00:00,1,2026-09-01 10:59:33,1,2026-09-01 10:59:33,NULL,0x0000000000002A69
86,43,1,2,1,4,8,24,82.00,PASS,A,2,Performance recorded,2026-08-20 10:00:00,1,2026-09-01 10:59:33,1,2026-09-01 10:59:33,NULL,0x0000000000002A6A
87,44,1,2,1,4,8,8,90.00,PASS,A+,2,Performance recorded,2026-08-20 10:00:00,1,2026-09-01 10:59:33,1,2026-09-01 10:59:33,NULL,0x0000000000002A6B
88,44,1,2,1,4,8,24,85.00,PASS,A,2,Performance recorded,2026-08-20 10:00:00,1,2026-09-01 10:59:33,1,2026-09-01 10:59:33,NULL,0x0000000000002A6C
89,45,1,2,1,4,8,8,93.00,PASS,A+,2,Performance recorded,2026-08-20 10:00:00,1,2026-09-01 10:59:33,1,2026-09-01 10:59:33,NULL,0x0000000000002A6D
90,45,1,2,1,4,8,24,88.00,PASS,A,2,Performance recorded,2026-08-20 10:00:00,1,2026-09-01 10:59:33,1,2026-09-01 10:59:33,NULL,0x0000000000002A6E
91,46,1,2,1,4,8,8,96.00,PASS,A+,2,Performance recorded,2026-08-20 10:00:00,1,2026-09-01 10:59:33,1,2026-09-01 10:59:33,NULL,0x0000000000002A6F
92,46,1,2,1,4,8,24,91.00,PASS,A+,2,Performance recorded,2026-08-20 10:00:00,1,2026-09-01 10:59:33,1,2026-09-01 10:59:33,NULL,0x0000000000002A70
93,47,1,2,1,4,8,8,60.00,PASS,B,2,Performance recorded,2026-08-20 10:00:00,1,2026-09-01 10:59:33,1,2026-09-01 10:59:33,NULL,0x0000000000002A71
94,47,1,2,1,4,8,24,94.00,PASS,A+,2,Performance recorded,2026-08-20 10:00:00,1,2026-09-01 10:59:33,1,2026-09-01 10:59:33,NULL,0x0000000000002A72
95,48,1,2,1,4,8,8,63.00,PASS,B,2,Performance recorded,2026-08-20 10:00:00,1,2026-09-01 10:59:33,1,2026-09-01 10:59:33,NULL,0x0000000000002A73
96,48,1,2,1,4,8,24,58.00,PASS,C,2,Performance recorded,2026-08-20 10:00:00,1,2026-09-01 10:59:33,1,2026-09-01 10:59:33,NULL,0x0000000000002A74
97,49,2,3,2,5,9,9,73.00,PASS,B+,1,Performance recorded,2026-08-20 10:00:00,1,2026-09-01 10:59:33,1,2026-09-01 10:59:33,NULL,0x0000000000002A75
98,49,2,3,2,5,9,25,68.00,PASS,B,1,Performance recorded,2026-08-20 10:00:00,1,2026-09-01 10:59:33,1,2026-09-01 10:59:33,NULL,0x0000000000002A76
99,50,2,3,2,5,9,9,76.00,PASS,B+,1,Performance recorded,2026-08-20 10:00:00,1,2026-09-01 10:59:33,1,2026-09-01 10:59:33,NULL,0x0000000000002A77
100,50,2,3,2,5,9,25,71.00,PASS,B+,1,Performance recorded,2026-08-20 10:00:00,1,2026-09-01 10:59:33,1,2026-09-01 10:59:33,NULL,0x0000000000002A78
101,51,2,3,2,5,9,9,79.00,PASS,B+,1,Performance recorded,2026-08-20 10:00:00,1,2026-09-01 10:59:33,1,2026-09-01 10:59:33,NULL,0x0000000000002A79
102,51,2,3,2,5,9,25,74.00,PASS,B+,1,Performance recorded,2026-08-20 10:00:00,1,2026-09-01 10:59:33,1,2026-09-01 10:59:33,NULL,0x0000000000002A7A
103,52,2,3,2,5,9,9,82.00,PASS,A,1,Performance recorded,2026-08-20 10:00:00,1,2026-09-01 10:59:33,1,2026-09-01 10:59:33,NULL,0x0000000000002A7B
104,52,2,3,2,5,9,25,77.00,PASS,B+,1,Performance recorded,2026-08-20 10:00:00,1,2026-09-01 10:59:33,1,2026-09-01 10:59:33,NULL,0x0000000000002A7C
105,53,2,3,2,5,9,9,85.00,PASS,A,1,Performance recorded,2026-08-20 10:00:00,1,2026-09-01 10:59:33,1,2026-09-01 10:59:33,NULL,0x0000000000002A7D
106,53,2,3,2,5,9,25,80.00,PASS,A,1,Performance recorded,2026-08-20 10:00:00,1,2026-09-01 10:59:33,1,2026-09-01 10:59:33,NULL,0x0000000000002A7E
107,54,2,3,2,5,9,9,88.00,PASS,A,1,Performance recorded,2026-08-20 10:00:00,1,2026-09-01 10:59:33,1,2026-09-01 10:59:33,NULL,0x0000000000002A7F
108,54,2,3,2,5,9,25,83.00,PASS,A,1,Performance recorded,2026-08-20 10:00:00,1,2026-09-01 10:59:33,1,2026-09-01 10:59:33,NULL,0x0000000000002A80
109,55,2,3,2,5,10,10,59.00,PASS,C,2,Performance recorded,2026-08-20 10:00:00,1,2026-09-01 10:59:33,1,2026-09-01 10:59:33,NULL,0x0000000000002A81
110,55,2,3,2,5,10,26,NULL,ABSENT,NULL,NULL,Absent on examination day,2026-08-20 10:00:00,1,2026-09-01 10:59:33,1,2026-09-01 10:59:33,NULL,0x0000000000002A82
111,56,2,3,2,5,10,10,62.00,PASS,B,2,Performance recorded,2026-08-20 10:00:00,1,2026-09-01 10:59:33,1,2026-09-01 10:59:33,NULL,0x0000000000002A83
112,56,2,3,2,5,10,26,NULL,ABSENT,NULL,NULL,Absent on examination day,2026-08-20 10:00:00,1,2026-09-01 10:59:33,1,2026-09-01 10:59:33,NULL,0x0000000000002A84
113,57,2,3,2,5,10,10,65.00,PASS,B,2,Performance recorded,2026-08-20 10:00:00,1,2026-09-01 10:59:33,1,2026-09-01 10:59:33,NULL,0x0000000000002A85
114,57,2,3,2,5,10,26,NULL,ABSENT,NULL,NULL,Absent on examination day,2026-08-20 10:00:00,1,2026-09-01 10:59:33,1,2026-09-01 10:59:33,NULL,0x0000000000002A86
115,58,2,3,2,5,10,10,68.00,PASS,B,2,Performance recorded,2026-08-20 10:00:00,1,2026-09-01 10:59:33,1,2026-09-01 10:59:33,NULL,0x0000000000002A87
116,58,2,3,2,5,10,26,NULL,ABSENT,NULL,NULL,Absent on examination day,2026-08-20 10:00:00,1,2026-09-01 10:59:33,1,2026-09-01 10:59:33,NULL,0x0000000000002A88
117,59,2,3,2,5,10,10,71.00,PASS,B+,2,Performance recorded,2026-08-20 10:00:00,1,2026-09-01 10:59:33,1,2026-09-01 10:59:33,NULL,0x0000000000002A89
118,59,2,3,2,5,10,26,NULL,ABSENT,NULL,NULL,Absent on examination day,2026-08-20 10:00:00,1,2026-09-01 10:59:33,1,2026-09-01 10:59:33,NULL,0x0000000000002A8A
119,60,2,3,2,5,10,10,74.00,PASS,B+,2,Performance recorded,2026-08-20 10:00:00,1,2026-09-01 10:59:33,1,2026-09-01 10:59:33,NULL,0x0000000000002A8B
120,60,2,3,2,5,10,26,NULL,ABSENT,NULL,NULL,Absent on examination day,2026-08-20 10:00:00,1,2026-09-01 10:59:33,1,2026-09-01 10:59:33,NULL,0x0000000000002A8C
121,61,2,3,2,6,11,11,84.00,PASS,A,1,Performance recorded,2026-08-20 10:00:00,1,2026-09-01 10:59:33,1,2026-09-01 10:59:33,NULL,0x0000000000002A8D
122,61,2,3,2,6,11,27,79.00,PASS,B+,1,Performance recorded,2026-08-20 10:00:00,1,2026-09-01 10:59:33,1,2026-09-01 10:59:33,NULL,0x0000000000002A8E
123,62,2,3,2,6,11,11,87.00,PASS,A,1,Performance recorded,2026-08-20 10:00:00,1,2026-09-01 10:59:33,1,2026-09-01 10:59:33,NULL,0x0000000000002A8F
124,62,2,3,2,6,11,27,82.00,PASS,A,1,Performance recorded,2026-08-20 10:00:00,1,2026-09-01 10:59:33,1,2026-09-01 10:59:33,NULL,0x0000000000002A90
125,63,2,3,2,6,11,11,90.00,PASS,A+,1,Performance recorded,2026-08-20 10:00:00,1,2026-09-01 10:59:33,1,2026-09-01 10:59:33,NULL,0x0000000000002A91
126,63,2,3,2,6,11,27,85.00,PASS,A,1,Performance recorded,2026-08-20 10:00:00,1,2026-09-01 10:59:33,1,2026-09-01 10:59:33,NULL,0x0000000000002A92
127,64,2,3,2,6,11,11,93.00,PASS,A+,1,Performance recorded,2026-08-20 10:00:00,1,2026-09-01 10:59:33,1,2026-09-01 10:59:33,NULL,0x0000000000002A93
128,64,2,3,2,6,11,27,88.00,PASS,A,1,Performance recorded,2026-08-20 10:00:00,1,2026-09-01 10:59:33,1,2026-09-01 10:59:33,NULL,0x0000000000002A94
129,65,2,3,2,6,11,11,96.00,PASS,A+,1,Performance recorded,2026-08-20 10:00:00,1,2026-09-01 10:59:33,1,2026-09-01 10:59:33,NULL,0x0000000000002A95
130,65,2,3,2,6,11,27,91.00,PASS,A+,1,Performance recorded,2026-08-20 10:00:00,1,2026-09-01 10:59:33,1,2026-09-01 10:59:33,NULL,0x0000000000002A96
131,66,2,3,2,6,11,11,60.00,PASS,B,1,Performance recorded,2026-08-20 10:00:00,1,2026-09-01 10:59:33,1,2026-09-01 10:59:33,NULL,0x0000000000002A97
132,66,2,3,2,6,11,27,94.00,PASS,A+,1,Performance recorded,2026-08-20 10:00:00,1,2026-09-01 10:59:33,1,2026-09-01 10:59:33,NULL,0x0000000000002A98
133,67,2,3,2,6,12,12,70.00,PASS,B+,2,Performance recorded,2026-08-20 10:00:00,1,2026-09-01 10:59:33,1,2026-09-01 10:59:33,NULL,0x0000000000002A99
134,67,2,3,2,6,12,28,65.00,PASS,B,2,Performance recorded,2026-08-20 10:00:00,1,2026-09-01 10:59:33,1,2026-09-01 10:59:33,NULL,0x0000000000002A9A
135,68,2,3,2,6,12,12,73.00,PASS,B+,2,Performance recorded,2026-08-20 10:00:00,1,2026-09-01 10:59:33,1,2026-09-01 10:59:33,NULL,0x0000000000002A9B
136,68,2,3,2,6,12,28,68.00,PASS,B,2,Performance recorded,2026-08-20 10:00:00,1,2026-09-01 10:59:33,1,2026-09-01 10:59:33,NULL,0x0000000000002A9C
137,69,2,3,2,6,12,12,76.00,PASS,B+,2,Performance recorded,2026-08-20 10:00:00,1,2026-09-01 10:59:33,1,2026-09-01 10:59:33,NULL,0x0000000000002A9D
138,69,2,3,2,6,12,28,71.00,PASS,B+,2,Performance recorded,2026-08-20 10:00:00,1,2026-09-01 10:59:33,1,2026-09-01 10:59:33,NULL,0x0000000000002A9E
139,70,2,3,2,6,12,12,79.00,PASS,B+,2,Performance recorded,2026-08-20 10:00:00,1,2026-09-01 10:59:33,1,2026-09-01 10:59:33,NULL,0x0000000000002A9F
140,70,2,3,2,6,12,28,74.00,PASS,B+,2,Performance recorded,2026-08-20 10:00:00,1,2026-09-01 10:59:33,1,2026-09-01 10:59:33,NULL,0x0000000000002AA0
141,71,2,3,2,6,12,12,82.00,PASS,A,2,Performance recorded,2026-08-20 10:00:00,1,2026-09-01 10:59:33,1,2026-09-01 10:59:33,NULL,0x0000000000002AA1
142,71,2,3,2,6,12,28,77.00,PASS,B+,2,Performance recorded,2026-08-20 10:00:00,1,2026-09-01 10:59:33,1,2026-09-01 10:59:33,NULL,0x0000000000002AA2
143,72,2,3,2,6,12,12,85.00,PASS,A,2,Performance recorded,2026-08-20 10:00:00,1,2026-09-01 10:59:33,1,2026-09-01 10:59:33,NULL,0x0000000000002AA3
144,72,2,3,2,6,12,28,80.00,PASS,A,2,Performance recorded,2026-08-20 10:00:00,1,2026-09-01 10:59:33,1,2026-09-01 10:59:33,NULL,0x0000000000002AA4
145,73,2,4,2,7,13,13,NULL,ABSENT,NULL,NULL,Absent on examination day,2026-08-20 10:00:00,1,2026-09-01 10:59:33,1,2026-09-01 10:59:33,NULL,0x0000000000002AA5
146,73,2,4,2,7,13,29,90.00,PASS,A+,1,Performance recorded,2026-08-20 10:00:00,1,2026-09-01 10:59:33,1,2026-09-01 10:59:33,NULL,0x0000000000002AA6
147,74,2,4,2,7,13,13,NULL,ABSENT,NULL,NULL,Absent on examination day,2026-08-20 10:00:00,1,2026-09-01 10:59:33,1,2026-09-01 10:59:33,NULL,0x0000000000002AA7
148,74,2,4,2,7,13,29,93.00,PASS,A+,1,Performance recorded,2026-08-20 10:00:00,1,2026-09-01 10:59:33,1,2026-09-01 10:59:33,NULL,0x0000000000002AA8
149,75,2,4,2,7,13,13,NULL,ABSENT,NULL,NULL,Absent on examination day,2026-08-20 10:00:00,1,2026-09-01 10:59:33,1,2026-09-01 10:59:33,NULL,0x0000000000002AA9
150,75,2,4,2,7,13,29,96.00,PASS,A+,1,Performance recorded,2026-08-20 10:00:00,1,2026-09-01 10:59:33,1,2026-09-01 10:59:33,NULL,0x0000000000002AAA
151,76,2,4,2,7,13,13,NULL,ABSENT,NULL,NULL,Absent on examination day,2026-08-20 10:00:00,1,2026-09-01 10:59:33,1,2026-09-01 10:59:33,NULL,0x0000000000002AAB
152,76,2,4,2,7,13,29,60.00,PASS,B,1,Performance recorded,2026-08-20 10:00:00,1,2026-09-01 10:59:33,1,2026-09-01 10:59:33,NULL,0x0000000000002AAC
153,77,2,4,2,7,13,13,NULL,ABSENT,NULL,NULL,Absent on examination day,2026-08-20 10:00:00,1,2026-09-01 10:59:33,1,2026-09-01 10:59:33,NULL,0x0000000000002AAD
154,77,2,4,2,7,13,29,63.00,PASS,B,1,Performance recorded,2026-08-20 10:00:00,1,2026-09-01 10:59:33,1,2026-09-01 10:59:33,NULL,0x0000000000002AAE
155,78,2,4,2,7,13,13,NULL,ABSENT,NULL,NULL,Absent on examination day,2026-08-20 10:00:00,1,2026-09-01 10:59:33,1,2026-09-01 10:59:33,NULL,0x0000000000002AAF
156,78,2,4,2,7,13,29,66.00,PASS,B,1,Performance recorded,2026-08-20 10:00:00,1,2026-09-01 10:59:33,1,2026-09-01 10:59:33,NULL,0x0000000000002AB0
157,79,2,4,2,7,14,14,81.00,PASS,A,2,Performance recorded,2026-08-20 10:00:00,1,2026-09-01 10:59:33,1,2026-09-01 10:59:33,NULL,0x0000000000002AB1
158,79,2,4,2,7,14,30,76.00,PASS,B+,2,Performance recorded,2026-08-20 10:00:00,1,2026-09-01 10:59:33,1,2026-09-01 10:59:33,NULL,0x0000000000002AB2
159,80,2,4,2,7,14,14,84.00,PASS,A,2,Performance recorded,2026-08-20 10:00:00,1,2026-09-01 10:59:33,1,2026-09-01 10:59:33,NULL,0x0000000000002AB3
160,80,2,4,2,7,14,30,79.00,PASS,B+,2,Performance recorded,2026-08-20 10:00:00,1,2026-09-01 10:59:33,1,2026-09-01 10:59:33,NULL,0x0000000000002AB4
161,81,2,4,2,7,14,14,87.00,PASS,A,2,Performance recorded,2026-08-20 10:00:00,1,2026-09-01 10:59:33,1,2026-09-01 10:59:33,NULL,0x0000000000002AB5
162,81,2,4,2,7,14,30,82.00,PASS,A,2,Performance recorded,2026-08-20 10:00:00,1,2026-09-01 10:59:33,1,2026-09-01 10:59:33,NULL,0x0000000000002AB6
163,82,2,4,2,7,14,14,90.00,PASS,A+,2,Performance recorded,2026-08-20 10:00:00,1,2026-09-01 10:59:33,1,2026-09-01 10:59:33,NULL,0x0000000000002AB7
164,82,2,4,2,7,14,30,85.00,PASS,A,2,Performance recorded,2026-08-20 10:00:00,1,2026-09-01 10:59:33,1,2026-09-01 10:59:33,NULL,0x0000000000002AB8
165,83,2,4,2,7,14,14,93.00,PASS,A+,2,Performance recorded,2026-08-20 10:00:00,1,2026-09-01 10:59:33,1,2026-09-01 10:59:33,NULL,0x0000000000002AB9
166,83,2,4,2,7,14,30,88.00,PASS,A,2,Performance recorded,2026-08-20 10:00:00,1,2026-09-01 10:59:33,1,2026-09-01 10:59:33,NULL,0x0000000000002ABA
167,84,2,4,2,7,14,14,96.00,PASS,A+,2,Performance recorded,2026-08-20 10:00:00,1,2026-09-01 10:59:33,1,2026-09-01 10:59:33,NULL,0x0000000000002ABB
168,84,2,4,2,7,14,30,91.00,PASS,A+,2,Performance recorded,2026-08-20 10:00:00,1,2026-09-01 10:59:33,1,2026-09-01 10:59:33,NULL,0x0000000000002ABC
169,85,2,4,2,8,15,15,67.00,PASS,B,1,Performance recorded,2026-08-20 10:00:00,1,2026-09-01 10:59:33,1,2026-09-01 10:59:33,NULL,0x0000000000002ABD
170,85,2,4,2,8,15,31,62.00,PASS,B,1,Performance recorded,2026-08-20 10:00:00,1,2026-09-01 10:59:33,1,2026-09-01 10:59:33,NULL,0x0000000000002ABE
171,86,2,4,2,8,15,15,70.00,PASS,B+,1,Performance recorded,2026-08-20 10:00:00,1,2026-09-01 10:59:33,1,2026-09-01 10:59:33,NULL,0x0000000000002ABF
172,86,2,4,2,8,15,31,65.00,PASS,B,1,Performance recorded,2026-08-20 10:00:00,1,2026-09-01 10:59:33,1,2026-09-01 10:59:33,NULL,0x0000000000002AC0
173,87,2,4,2,8,15,15,73.00,PASS,B+,1,Performance recorded,2026-08-20 10:00:00,1,2026-09-01 10:59:33,1,2026-09-01 10:59:33,NULL,0x0000000000002AC1
174,87,2,4,2,8,15,31,68.00,PASS,B,1,Performance recorded,2026-08-20 10:00:00,1,2026-09-01 10:59:33,1,2026-09-01 10:59:33,NULL,0x0000000000002AC2
175,88,2,4,2,8,15,15,76.00,PASS,B+,1,Performance recorded,2026-08-20 10:00:00,1,2026-09-01 10:59:33,1,2026-09-01 10:59:33,NULL,0x0000000000002AC3
176,88,2,4,2,8,15,31,71.00,PASS,B+,1,Performance recorded,2026-08-20 10:00:00,1,2026-09-01 10:59:33,1,2026-09-01 10:59:33,NULL,0x0000000000002AC4
177,89,2,4,2,8,15,15,79.00,PASS,B+,1,Performance recorded,2026-08-20 10:00:00,1,2026-09-01 10:59:33,1,2026-09-01 10:59:33,NULL,0x0000000000002AC5
178,89,2,4,2,8,15,31,74.00,PASS,B+,1,Performance recorded,2026-08-20 10:00:00,1,2026-09-01 10:59:33,1,2026-09-01 10:59:33,NULL,0x0000000000002AC6
179,90,2,4,2,8,15,15,82.00,PASS,A,1,Performance recorded,2026-08-20 10:00:00,1,2026-09-01 10:59:33,1,2026-09-01 10:59:33,NULL,0x0000000000002AC7
180,90,2,4,2,8,15,31,77.00,PASS,B+,1,Performance recorded,2026-08-20 10:00:00,1,2026-09-01 10:59:33,1,2026-09-01 10:59:33,NULL,0x0000000000002AC8
181,91,2,4,2,8,16,16,92.00,PASS,A+,2,Performance recorded,2026-08-20 10:00:00,1,2026-09-01 10:59:33,1,2026-09-01 10:59:33,NULL,0x0000000000002AC9
182,91,2,4,2,8,16,32,87.00,PASS,A,2,Performance recorded,2026-08-20 10:00:00,1,2026-09-01 10:59:33,1,2026-09-01 10:59:33,NULL,0x0000000000002ACA
183,92,2,4,2,8,16,16,95.00,PASS,A+,2,Performance recorded,2026-08-20 10:00:00,1,2026-09-01 10:59:33,1,2026-09-01 10:59:33,NULL,0x0000000000002ACB
184,92,2,4,2,8,16,32,90.00,PASS,A+,2,Performance recorded,2026-08-20 10:00:00,1,2026-09-01 10:59:33,1,2026-09-01 10:59:33,NULL,0x0000000000002ACC
185,93,2,4,2,8,16,16,59.00,PASS,C,2,Performance recorded,2026-08-20 10:00:00,1,2026-09-01 10:59:33,1,2026-09-01 10:59:33,NULL,0x0000000000002ACD
186,93,2,4,2,8,16,32,93.00,PASS,A+,2,Performance recorded,2026-08-20 10:00:00,1,2026-09-01 10:59:33,1,2026-09-01 10:59:33,NULL,0x0000000000002ACE
187,94,2,4,2,8,16,16,62.00,PASS,B,2,Performance recorded,2026-08-20 10:00:00,1,2026-09-01 10:59:33,1,2026-09-01 10:59:33,NULL,0x0000000000002ACF
188,94,2,4,2,8,16,32,96.00,PASS,A+,2,Performance recorded,2026-08-20 10:00:00,1,2026-09-01 10:59:33,1,2026-09-01 10:59:33,NULL,0x0000000000002AD0
189,95,2,4,2,8,16,16,65.00,PASS,B,2,Performance recorded,2026-08-20 10:00:00,1,2026-09-01 10:59:33,1,2026-09-01 10:59:33,NULL,0x0000000000002AD1
190,95,2,4,2,8,16,32,60.00,PASS,B,2,Performance recorded,2026-08-20 10:00:00,1,2026-09-01 10:59:33,1,2026-09-01 10:59:33,NULL,0x0000000000002AD2
191,96,2,4,2,8,16,16,68.00,PASS,B,2,Performance recorded,2026-08-20 10:00:00,1,2026-09-01 10:59:33,1,2026-09-01 10:59:33,NULL,0x0000000000002AD3
192,96,2,4,2,8,16,32,63.00,PASS,B,2,Performance recorded,2026-08-20 10:00:00,1,2026-09-01 10:59:33,1,2026-09-01 10:59:33,NULL,0x0000000000002AD4
