assignment_id,school_id,academic_year_id,branch_id,class_id,section_id,subject_id,teacher_id,title,description,assignment_type,priority_level,assigned_at,deadline_at,allow_late_submission,status,estimated_minutes,max_marks,published_at,is_active,created_at,created_by,updated_at,updated_by,row_version
1,1,1,1,1,1,1,1,English Practice Assignment,Weekly practice work for the assigned section.,WRITTEN_WORK,MEDIUM,2026-08-24 09:00:00,2026-08-28 18:00:00,0,PUBLISHED,45,20.00,2026-08-24 09:00:00,1,2026-09-01 10:59:33,1,2026-09-01 10:59:33,NULL,0x0000000000002AD5
2,1,1,1,1,1,2,2,Mathematics Practice Assignment,Weekly practice work for the assigned section.,WRITTEN_WORK,MEDIUM,2026-08-24 09:00:00,2026-08-28 18:00:00,0,PUBLISHED,45,20.00,2026-08-24 09:00:00,1,2026-09-01 10:59:33,1,2026-09-01 10:59:33,NULL,0x0000000000002AD6
3,1,1,1,1,1,3,1,Science Practice Assignment,Weekly practice work for the assigned section.,WRITTEN_WORK,MEDIUM,2026-08-24 09:00:00,2026-08-28 18:00:00,0,PUBLISHED,45,20.00,2026-08-24 09:00:00,1,2026-09-01 10:59:33,1,2026-09-01 10:59:33,NULL,0x0000000000002AD7
4,1,1,1,1,1,4,2,Social Science Practice Assignment,Weekly practice work for the assigned section.,WRITTEN_WORK,MEDIUM,2026-08-24 09:00:00,2026-08-28 18:00:00,0,PUBLISHED,45,20.00,2026-08-24 09:00:00,1,2026-09-01 10:59:33,1,2026-09-01 10:59:33,NULL,0x0000000000002AD8
5,1,1,1,1,1,5,1,Computer Science Practice Assignment,Weekly practice work for the assigned section.,WRITTEN_WORK,MEDIUM,2026-08-24 09:00:00,2026-08-28 18:00:00,0,PUBLISHED,45,20.00,2026-08-24 09:00:00,1,2026-09-01 10:59:33,1,2026-09-01 10:59:33,NULL,0x0000000000002AD9
6,1,1,1,1,1,6,2,Physical Education Practice Assignment,Weekly practice work for the assigned section.,WRITTEN_WORK,MEDIUM,2026-08-24 09:00:00,2026-08-28 18:00:00,0,PUBLISHED,45,20.00,2026-08-24 09:00:00,1,2026-09-01 10:59:33,1,2026-09-01 10:59:33,NULL,0x0000000000002ADA
7,1,1,1,1,2,1,3,English Practice Assignment,Weekly practice work for the assigned section.,WRITTEN_WORK,MEDIUM,2026-08-24 09:00:00,2026-08-28 18:00:00,0,PUBLISHED,45,20.00,2026-08-24 09:00:00,1,2026-09-01 10:59:33,1,2026-09-01 10:59:33,NULL,0x0000000000002ADB
8,1,1,1,1,2,2,4,Mathematics Practice Assignment,Weekly practice work for the assigned section.,WRITTEN_WORK,MEDIUM,2026-08-24 09:00:00,2026-08-28 18:00:00,0,PUBLISHED,45,20.00,2026-08-24 09:00:00,1,2026-09-01 10:59:33,1,2026-09-01 10:59:33,NULL,0x0000000000002ADC
9,1,1,1,1,2,3,3,Science Practice Assignment,Weekly practice work for the assigned section.,WRITTEN_WORK,MEDIUM,2026-08-24 09:00:00,2026-08-28 18:00:00,0,PUBLISHED,45,20.00,2026-08-24 09:00:00,1,2026-09-01 10:59:33,1,2026-09-01 10:59:33,NULL,0x0000000000002ADD
10,1,1,1,1,2,4,4,Social Science Practice Assignment,Weekly practice work for the assigned section.,WRITTEN_WORK,MEDIUM,2026-08-24 09:00:00,2026-08-28 18:00:00,0,PUBLISHED,45,20.00,2026-08-24 09:00:00,1,2026-09-01 10:59:33,1,2026-09-01 10:59:33,NULL,0x0000000000002ADE
11,1,1,1,1,2,5,3,Computer Science Practice Assignment,Weekly practice work for the assigned section.,WRITTEN_WORK,MEDIUM,2026-08-24 09:00:00,2026-08-28 18:00:00,0,PUBLISHED,45,20.00,2026-08-24 09:00:00,1,2026-09-01 10:59:33,1,2026-09-01 10:59:33,NULL,0x0000000000002ADF
12,1,1,1,1,2,6,4,Physical Education Practice Assignment,Weekly practice work for the assigned section.,WRITTEN_WORK,MEDIUM,2026-08-24 09:00:00,2026-08-28 18:00:00,0,PUBLISHED,45,20.00,2026-08-24 09:00:00,1,2026-09-01 10:59:33,1,2026-09-01 10:59:33,NULL,0x0000000000002AE0
13,1,1,1,2,3,1,5,English Practice Assignment,Weekly practice work for the assigned section.,WRITTEN_WORK,HIGH,2026-08-24 09:00:00,2026-08-28 18:00:00,0,PUBLISHED,45,20.00,2026-08-24 09:00:00,1,2026-09-01 10:59:33,1,2026-09-01 10:59:33,NULL,0x0000000000002AE1
14,1,1,1,2,3,2,6,Mathematics Practice Assignment,Weekly practice work for the assigned section.,WRITTEN_WORK,HIGH,2026-08-24 09:00:00,2026-08-28 18:00:00,0,PUBLISHED,45,20.00,2026-08-24 09:00:00,1,2026-09-01 10:59:33,1,2026-09-01 10:59:33,NULL,0x0000000000002AE2
15,1,1,1,2,3,3,5,Science Practice Assignment,Weekly practice work for the assigned section.,WRITTEN_WORK,HIGH,2026-08-24 09:00:00,2026-08-28 18:00:00,0,PUBLISHED,45,20.00,2026-08-24 09:00:00,1,2026-09-01 10:59:33,1,2026-09-01 10:59:33,NULL,0x0000000000002AE3
16,1,1,1,2,3,4,6,Social Science Practice Assignment,Weekly practice work for the assigned section.,WRITTEN_WORK,HIGH,2026-08-24 09:00:00,2026-08-28 18:00:00,0,PUBLISHED,45,20.00,2026-08-24 09:00:00,1,2026-09-01 10:59:33,1,2026-09-01 10:59:33,NULL,0x0000000000002AE4
17,1,1,1,2,3,5,5,Computer Science Practice Assignment,Weekly practice work for the assigned section.,WRITTEN_WORK,HIGH,2026-08-24 09:00:00,2026-08-28 18:00:00,0,PUBLISHED,45,20.00,2026-08-24 09:00:00,1,2026-09-01 10:59:33,1,2026-09-01 10:59:33,NULL,0x0000000000002AE5
18,1,1,1,2,3,6,6,Physical Education Practice Assignment,Weekly practice work for the assigned section.,WRITTEN_WORK,HIGH,2026-08-24 09:00:00,2026-08-28 18:00:00,0,PUBLISHED,45,20.00,2026-08-24 09:00:00,1,2026-09-01 10:59:33,1,2026-09-01 10:59:33,NULL,0x0000000000002AE6
19,1,1,1,2,4,1,7,English Practice Assignment,Weekly practice work for the assigned section.,WRITTEN_WORK,MEDIUM,2026-08-24 09:00:00,2026-08-28 18:00:00,0,PUBLISHED,45,20.00,2026-08-24 09:00:00,1,2026-09-01 10:59:33,1,2026-09-01 10:59:33,NULL,0x0000000000002AE7
20,1,1,1,2,4,2,8,Mathematics Practice Assignment,Weekly practice work for the assigned section.,WRITTEN_WORK,MEDIUM,2026-08-24 09:00:00,2026-08-28 18:00:00,0,PUBLISHED,45,20.00,2026-08-24 09:00:00,1,2026-09-01 10:59:33,1,2026-09-01 10:59:33,NULL,0x0000000000002AE8
21,1,1,1,2,4,3,7,Science Practice Assignment,Weekly practice work for the assigned section.,WRITTEN_WORK,MEDIUM,2026-08-24 09:00:00,2026-08-28 18:00:00,0,PUBLISHED,45,20.00,2026-08-24 09:00:00,1,2026-09-01 10:59:33,1,2026-09-01 10:59:33,NULL,0x0000000000002AE9
22,1,1,1,2,4,4,8,Social Science Practice Assignment,Weekly practice work for the assigned section.,WRITTEN_WORK,MEDIUM,2026-08-24 09:00:00,2026-08-28 18:00:00,0,PUBLISHED,45,20.00,2026-08-24 09:00:00,1,2026-09-01 10:59:33,1,2026-09-01 10:59:33,NULL,0x0000000000002AEA
23,1,1,1,2,4,5,7,Computer Science Practice Assignment,Weekly practice work for the assigned section.,WRITTEN_WORK,MEDIUM,2026-08-24 09:00:00,2026-08-28 18:00:00,0,PUBLISHED,45,20.00,2026-08-24 09:00:00,1,2026-09-01 10:59:33,1,2026-09-01 10:59:33,NULL,0x0000000000002AEB
24,1,1,1,2,4,6,8,Physical Education Practice Assignment,Weekly practice work for the assigned section.,WRITTEN_WORK,MEDIUM,2026-08-24 09:00:00,2026-08-28 18:00:00,0,PUBLISHED,45,20.00,2026-08-24 09:00:00,1,2026-09-01 10:59:33,1,2026-09-01 10:59:33,NULL,0x0000000000002AEC
25,1,1,2,3,5,1,9,English Practice Assignment,Weekly practice work for the assigned section.,WRITTEN_WORK,MEDIUM,2026-08-24 09:00:00,2026-08-28 18:00:00,0,PUBLISHED,45,20.00,2026-08-24 09:00:00,1,2026-09-01 10:59:33,1,2026-09-01 10:59:33,NULL,0x0000000000002AED
26,1,1,2,3,5,2,10,Mathematics Practice Assignment,Weekly practice work for the assigned section.,WRITTEN_WORK,MEDIUM,2026-08-24 09:00:00,2026-08-28 18:00:00,0,PUBLISHED,45,20.00,2026-08-24 09:00:00,1,2026-09-01 10:59:33,1,2026-09-01 10:59:33,NULL,0x0000000000002AEE
27,1,1,2,3,5,3,9,Science Practice Assignment,Weekly practice work for the assigned section.,WRITTEN_WORK,MEDIUM,2026-08-24 09:00:00,2026-08-28 18:00:00,0,PUBLISHED,45,20.00,2026-08-24 09:00:00,1,2026-09-01 10:59:33,1,2026-09-01 10:59:33,NULL,0x0000000000002AEF
28,1,1,2,3,5,4,10,Social Science Practice Assignment,Weekly practice work for the assigned section.,WRITTEN_WORK,MEDIUM,2026-08-24 09:00:00,2026-08-28 18:00:00,0,PUBLISHED,45,20.00,2026-08-24 09:00:00,1,2026-09-01 10:59:33,1,2026-09-01 10:59:33,NULL,0x0000000000002AF0
29,1,1,2,3,5,5,9,Computer Science Practice Assignment,Weekly practice work for the assigned section.,WRITTEN_WORK,MEDIUM,2026-08-24 09:00:00,2026-08-28 18:00:00,0,PUBLISHED,45,20.00,2026-08-24 09:00:00,1,2026-09-01 10:59:33,1,2026-09-01 10:59:33,NULL,0x0000000000002AF1
30,1,1,2,3,5,6,10,Physical Education Practice Assignment,Weekly practice work for the assigned section.,WRITTEN_WORK,MEDIUM,2026-08-24 09:00:00,2026-08-28 18:00:00,0,PUBLISHED,45,20.00,2026-08-24 09:00:00,1,2026-09-01 10:59:33,1,2026-09-01 10:59:33,NULL,0x0000000000002AF2
31,1,1,2,3,6,1,11,English Practice Assignment,Weekly practice work for the assigned section.,WRITTEN_WORK,HIGH,2026-08-24 09:00:00,2026-08-28 18:00:00,0,PUBLISHED,45,20.00,2026-08-24 09:00:00,1,2026-09-01 10:59:33,1,2026-09-01 10:59:33,NULL,0x0000000000002AF3
32,1,1,2,3,6,2,12,Mathematics Practice Assignment,Weekly practice work for the assigned section.,WRITTEN_WORK,HIGH,2026-08-24 09:00:00,2026-08-28 18:00:00,0,PUBLISHED,45,20.00,2026-08-24 09:00:00,1,2026-09-01 10:59:33,1,2026-09-01 10:59:33,NULL,0x0000000000002AF4
33,1,1,2,3,6,3,11,Science Practice Assignment,Weekly practice work for the assigned section.,WRITTEN_WORK,HIGH,2026-08-24 09:00:00,2026-08-28 18:00:00,0,PUBLISHED,45,20.00,2026-08-24 09:00:00,1,2026-09-01 10:59:33,1,2026-09-01 10:59:33,NULL,0x0000000000002AF5
34,1,1,2,3,6,4,12,Social Science Practice Assignment,Weekly practice work for the assigned section.,WRITTEN_WORK,HIGH,2026-08-24 09:00:00,2026-08-28 18:00:00,0,PUBLISHED,45,20.00,2026-08-24 09:00:00,1,2026-09-01 10:59:33,1,2026-09-01 10:59:33,NULL,0x0000000000002AF6
35,1,1,2,3,6,5,11,Computer Science Practice Assignment,Weekly practice work for the assigned section.,WRITTEN_WORK,HIGH,2026-08-24 09:00:00,2026-08-28 18:00:00,0,PUBLISHED,45,20.00,2026-08-24 09:00:00,1,2026-09-01 10:59:33,1,2026-09-01 10:59:33,NULL,0x0000000000002AF7
36,1,1,2,3,6,6,12,Physical Education Practice Assignment,Weekly practice work for the assigned section.,WRITTEN_WORK,HIGH,2026-08-24 09:00:00,2026-08-28 18:00:00,0,PUBLISHED,45,20.00,2026-08-24 09:00:00,1,2026-09-01 10:59:33,1,2026-09-01 10:59:33,NULL,0x0000000000002AF8
37,1,1,2,4,7,1,13,English Practice Assignment,Weekly practice work for the assigned section.,WRITTEN_WORK,MEDIUM,2026-08-24 09:00:00,2026-08-28 18:00:00,0,PUBLISHED,45,20.00,2026-08-24 09:00:00,1,2026-09-01 10:59:33,1,2026-09-01 10:59:33,NULL,0x0000000000002AF9
38,1,1,2,4,7,2,14,Mathematics Practice Assignment,Weekly practice work for the assigned section.,WRITTEN_WORK,MEDIUM,2026-08-24 09:00:00,2026-08-28 18:00:00,0,PUBLISHED,45,20.00,2026-08-24 09:00:00,1,2026-09-01 10:59:33,1,2026-09-01 10:59:33,NULL,0x0000000000002AFA
39,1,1,2,4,7,3,13,Science Practice Assignment,Weekly practice work for the assigned section.,WRITTEN_WORK,MEDIUM,2026-08-24 09:00:00,2026-08-28 18:00:00,0,PUBLISHED,45,20.00,2026-08-24 09:00:00,1,2026-09-01 10:59:33,1,2026-09-01 10:59:33,NULL,0x0000000000002AFB
40,1,1,2,4,7,4,14,Social Science Practice Assignment,Weekly practice work for the assigned section.,WRITTEN_WORK,MEDIUM,2026-08-24 09:00:00,2026-08-28 18:00:00,0,PUBLISHED,45,20.00,2026-08-24 09:00:00,1,2026-09-01 10:59:33,1,2026-09-01 10:59:33,NULL,0x0000000000002AFC
41,1,1,2,4,7,5,13,Computer Science Practice Assignment,Weekly practice work for the assigned section.,WRITTEN_WORK,MEDIUM,2026-08-24 09:00:00,2026-08-28 18:00:00,0,PUBLISHED,45,20.00,2026-08-24 09:00:00,1,2026-09-01 10:59:33,1,2026-09-01 10:59:33,NULL,0x0000000000002AFD
42,1,1,2,4,7,6,14,Physical Education Practice Assignment,Weekly practice work for the assigned section.,WRITTEN_WORK,MEDIUM,2026-08-24 09:00:00,2026-08-28 18:00:00,0,PUBLISHED,45,20.00,2026-08-24 09:00:00,1,2026-09-01 10:59:33,1,2026-09-01 10:59:33,NULL,0x0000000000002AFE
43,1,1,2,4,8,1,15,English Practice Assignment,Weekly practice work for the assigned section.,WRITTEN_WORK,MEDIUM,2026-08-24 09:00:00,2026-08-28 18:00:00,0,PUBLISHED,45,20.00,2026-08-24 09:00:00,1,2026-09-01 10:59:33,1,2026-09-01 10:59:33,NULL,0x0000000000002AFF
44,1,1,2,4,8,2,16,Mathematics Practice Assignment,Weekly practice work for the assigned section.,WRITTEN_WORK,MEDIUM,2026-08-24 09:00:00,2026-08-28 18:00:00,0,PUBLISHED,45,20.00,2026-08-24 09:00:00,1,2026-09-01 10:59:33,1,2026-09-01 10:59:33,NULL,0x0000000000002B01
45,1,1,2,4,8,3,15,Science Practice Assignment,Weekly practice work for the assigned section.,WRITTEN_WORK,MEDIUM,2026-08-24 09:00:00,2026-08-28 18:00:00,0,PUBLISHED,45,20.00,2026-08-24 09:00:00,1,2026-09-01 10:59:33,1,2026-09-01 10:59:33,NULL,0x0000000000002B02
46,1,1,2,4,8,4,16,Social Science Practice Assignment,Weekly practice work for the assigned section.,WRITTEN_WORK,MEDIUM,2026-08-24 09:00:00,2026-08-28 18:00:00,0,PUBLISHED,45,20.00,2026-08-24 09:00:00,1,2026-09-01 10:59:33,1,2026-09-01 10:59:33,NULL,0x0000000000002B03
47,1,1,2,4,8,5,15,Computer Science Practice Assignment,Weekly practice work for the assigned section.,WRITTEN_WORK,MEDIUM,2026-08-24 09:00:00,2026-08-28 18:00:00,0,PUBLISHED,45,20.00,2026-08-24 09:00:00,1,2026-09-01 10:59:33,1,2026-09-01 10:59:33,NULL,0x0000000000002B04
48,1,1,2,4,8,6,16,Physical Education Practice Assignment,Weekly practice work for the assigned section.,WRITTEN_WORK,MEDIUM,2026-08-24 09:00:00,2026-08-28 18:00:00,0,PUBLISHED,45,20.00,2026-08-24 09:00:00,1,2026-09-01 10:59:33,1,2026-09-01 10:59:33,NULL,0x0000000000002B05
49,2,2,3,5,9,7,17,English Practice Assignment,Weekly practice work for the assigned section.,WRITTEN_WORK,HIGH,2026-08-24 09:00:00,2026-08-28 18:00:00,0,PUBLISHED,45,20.00,2026-08-24 09:00:00,1,2026-09-01 10:59:33,1,2026-09-01 10:59:33,NULL,0x0000000000002B06
50,2,2,3,5,9,8,18,Mathematics Practice Assignment,Weekly practice work for the assigned section.,WRITTEN_WORK,HIGH,2026-08-24 09:00:00,2026-08-28 18:00:00,0,PUBLISHED,45,20.00,2026-08-24 09:00:00,1,2026-09-01 10:59:33,1,2026-09-01 10:59:33,NULL,0x0000000000002B07
51,2,2,3,5,9,9,17,Science Practice Assignment,Weekly practice work for the assigned section.,WRITTEN_WORK,HIGH,2026-08-24 09:00:00,2026-08-28 18:00:00,0,PUBLISHED,45,20.00,2026-08-24 09:00:00,1,2026-09-01 10:59:33,1,2026-09-01 10:59:33,NULL,0x0000000000002B08
52,2,2,3,5,9,10,18,Social Science Practice Assignment,Weekly practice work for the assigned section.,WRITTEN_WORK,HIGH,2026-08-24 09:00:00,2026-08-28 18:00:00,0,PUBLISHED,45,20.00,2026-08-24 09:00:00,1,2026-09-01 10:59:33,1,2026-09-01 10:59:33,NULL,0x0000000000002B09
53,2,2,3,5,9,11,17,Computer Science Practice Assignment,Weekly practice work for the assigned section.,WRITTEN_WORK,HIGH,2026-08-24 09:00:00,2026-08-28 18:00:00,0,PUBLISHED,45,20.00,2026-08-24 09:00:00,1,2026-09-01 10:59:33,1,2026-09-01 10:59:33,NULL,0x0000000000002B0A
54,2,2,3,5,9,12,18,Physical Education Practice Assignment,Weekly practice work for the assigned section.,WRITTEN_WORK,HIGH,2026-08-24 09:00:00,2026-08-28 18:00:00,0,PUBLISHED,45,20.00,2026-08-24 09:00:00,1,2026-09-01 10:59:33,1,2026-09-01 10:59:33,NULL,0x0000000000002B0B
55,2,2,3,5,10,7,19,English Practice Assignment,Weekly practice work for the assigned section.,WRITTEN_WORK,MEDIUM,2026-08-24 09:00:00,2026-08-28 18:00:00,0,PUBLISHED,45,20.00,2026-08-24 09:00:00,1,2026-09-01 10:59:33,1,2026-09-01 10:59:33,NULL,0x0000000000002B0C
56,2,2,3,5,10,8,20,Mathematics Practice Assignment,Weekly practice work for the assigned section.,WRITTEN_WORK,MEDIUM,2026-08-24 09:00:00,2026-08-28 18:00:00,0,PUBLISHED,45,20.00,2026-08-24 09:00:00,1,2026-09-01 10:59:33,1,2026-09-01 10:59:33,NULL,0x0000000000002B0D
57,2,2,3,5,10,9,19,Science Practice Assignment,Weekly practice work for the assigned section.,WRITTEN_WORK,MEDIUM,2026-08-24 09:00:00,2026-08-28 18:00:00,0,PUBLISHED,45,20.00,2026-08-24 09:00:00,1,2026-09-01 10:59:33,1,2026-09-01 10:59:33,NULL,0x0000000000002B0E
58,2,2,3,5,10,10,20,Social Science Practice Assignment,Weekly practice work for the assigned section.,WRITTEN_WORK,MEDIUM,2026-08-24 09:00:00,2026-08-28 18:00:00,0,PUBLISHED,45,20.00,2026-08-24 09:00:00,1,2026-09-01 10:59:33,1,2026-09-01 10:59:33,NULL,0x0000000000002B0F
59,2,2,3,5,10,11,19,Computer Science Practice Assignment,Weekly practice work for the assigned section.,WRITTEN_WORK,MEDIUM,2026-08-24 09:00:00,2026-08-28 18:00:00,0,PUBLISHED,45,20.00,2026-08-24 09:00:00,1,2026-09-01 10:59:33,1,2026-09-01 10:59:33,NULL,0x0000000000002B10
60,2,2,3,5,10,12,20,Physical Education Practice Assignment,Weekly practice work for the assigned section.,WRITTEN_WORK,MEDIUM,2026-08-24 09:00:00,2026-08-28 18:00:00,0,PUBLISHED,45,20.00,2026-08-24 09:00:00,1,2026-09-01 10:59:33,1,2026-09-01 10:59:33,NULL,0x0000000000002B11
61,2,2,3,6,11,7,21,English Practice Assignment,Weekly practice work for the assigned section.,WRITTEN_WORK,MEDIUM,2026-08-24 09:00:00,2026-08-28 18:00:00,0,PUBLISHED,45,20.00,2026-08-24 09:00:00,1,2026-09-01 10:59:33,1,2026-09-01 10:59:33,NULL,0x0000000000002B12
62,2,2,3,6,11,8,22,Mathematics Practice Assignment,Weekly practice work for the assigned section.,WRITTEN_WORK,MEDIUM,2026-08-24 09:00:00,2026-08-28 18:00:00,0,PUBLISHED,45,20.00,2026-08-24 09:00:00,1,2026-09-01 10:59:33,1,2026-09-01 10:59:33,NULL,0x0000000000002B13
63,2,2,3,6,11,9,21,Science Practice Assignment,Weekly practice work for the assigned section.,WRITTEN_WORK,MEDIUM,2026-08-24 09:00:00,2026-08-28 18:00:00,0,PUBLISHED,45,20.00,2026-08-24 09:00:00,1,2026-09-01 10:59:33,1,2026-09-01 10:59:33,NULL,0x0000000000002B14
64,2,2,3,6,11,10,22,Social Science Practice Assignment,Weekly practice work for the assigned section.,WRITTEN_WORK,MEDIUM,2026-08-24 09:00:00,2026-08-28 18:00:00,0,PUBLISHED,45,20.00,2026-08-24 09:00:00,1,2026-09-01 10:59:33,1,2026-09-01 10:59:33,NULL,0x0000000000002B15
65,2,2,3,6,11,11,21,Computer Science Practice Assignment,Weekly practice work for the assigned section.,WRITTEN_WORK,MEDIUM,2026-08-24 09:00:00,2026-08-28 18:00:00,0,PUBLISHED,45,20.00,2026-08-24 09:00:00,1,2026-09-01 10:59:33,1,2026-09-01 10:59:33,NULL,0x0000000000002B16
66,2,2,3,6,11,12,22,Physical Education Practice Assignment,Weekly practice work for the assigned section.,WRITTEN_WORK,MEDIUM,2026-08-24 09:00:00,2026-08-28 18:00:00,0,PUBLISHED,45,20.00,2026-08-24 09:00:00,1,2026-09-01 10:59:33,1,2026-09-01 10:59:33,NULL,0x0000000000002B17
67,2,2,3,6,12,7,23,English Practice Assignment,Weekly practice work for the assigned section.,WRITTEN_WORK,HIGH,2026-08-24 09:00:00,2026-08-28 18:00:00,0,PUBLISHED,45,20.00,2026-08-24 09:00:00,1,2026-09-01 10:59:33,1,2026-09-01 10:59:33,NULL,0x0000000000002B18
68,2,2,3,6,12,8,24,Mathematics Practice Assignment,Weekly practice work for the assigned section.,WRITTEN_WORK,HIGH,2026-08-24 09:00:00,2026-08-28 18:00:00,0,PUBLISHED,45,20.00,2026-08-24 09:00:00,1,2026-09-01 10:59:33,1,2026-09-01 10:59:33,NULL,0x0000000000002B19
69,2,2,3,6,12,9,23,Science Practice Assignment,Weekly practice work for the assigned section.,WRITTEN_WORK,HIGH,2026-08-24 09:00:00,2026-08-28 18:00:00,0,PUBLISHED,45,20.00,2026-08-24 09:00:00,1,2026-09-01 10:59:33,1,2026-09-01 10:59:33,NULL,0x0000000000002B1A
70,2,2,3,6,12,10,24,Social Science Practice Assignment,Weekly practice work for the assigned section.,WRITTEN_WORK,HIGH,2026-08-24 09:00:00,2026-08-28 18:00:00,0,PUBLISHED,45,20.00,2026-08-24 09:00:00,1,2026-09-01 10:59:33,1,2026-09-01 10:59:33,NULL,0x0000000000002B1B
71,2,2,3,6,12,11,23,Computer Science Practice Assignment,Weekly practice work for the assigned section.,WRITTEN_WORK,HIGH,2026-08-24 09:00:00,2026-08-28 18:00:00,0,PUBLISHED,45,20.00,2026-08-24 09:00:00,1,2026-09-01 10:59:33,1,2026-09-01 10:59:33,NULL,0x0000000000002B1C
72,2,2,3,6,12,12,24,Physical Education Practice Assignment,Weekly practice work for the assigned section.,WRITTEN_WORK,HIGH,2026-08-24 09:00:00,2026-08-28 18:00:00,0,PUBLISHED,45,20.00,2026-08-24 09:00:00,1,2026-09-01 10:59:33,1,2026-09-01 10:59:33,NULL,0x0000000000002B1D
73,2,2,4,7,13,7,25,English Practice Assignment,Weekly practice work for the assigned section.,WRITTEN_WORK,MEDIUM,2026-08-24 09:00:00,2026-08-28 18:00:00,0,PUBLISHED,45,20.00,2026-08-24 09:00:00,1,2026-09-01 10:59:33,1,2026-09-01 10:59:33,NULL,0x0000000000002B1E
74,2,2,4,7,13,8,26,Mathematics Practice Assignment,Weekly practice work for the assigned section.,WRITTEN_WORK,MEDIUM,2026-08-24 09:00:00,2026-08-28 18:00:00,0,PUBLISHED,45,20.00,2026-08-24 09:00:00,1,2026-09-01 10:59:33,1,2026-09-01 10:59:33,NULL,0x0000000000002B1F
75,2,2,4,7,13,9,25,Science Practice Assignment,Weekly practice work for the assigned section.,WRITTEN_WORK,MEDIUM,2026-08-24 09:00:00,2026-08-28 18:00:00,0,PUBLISHED,45,20.00,2026-08-24 09:00:00,1,2026-09-01 10:59:33,1,2026-09-01 10:59:33,NULL,0x0000000000002B20
76,2,2,4,7,13,10,26,Social Science Practice Assignment,Weekly practice work for the assigned section.,WRITTEN_WORK,MEDIUM,2026-08-24 09:00:00,2026-08-28 18:00:00,0,PUBLISHED,45,20.00,2026-08-24 09:00:00,1,2026-09-01 10:59:33,1,2026-09-01 10:59:33,NULL,0x0000000000002B21
77,2,2,4,7,13,11,25,Computer Science Practice Assignment,Weekly practice work for the assigned section.,WRITTEN_WORK,MEDIUM,2026-08-24 09:00:00,2026-08-28 18:00:00,0,PUBLISHED,45,20.00,2026-08-24 09:00:00,1,2026-09-01 10:59:33,1,2026-09-01 10:59:33,NULL,0x0000000000002B22
78,2,2,4,7,13,12,26,Physical Education Practice Assignment,Weekly practice work for the assigned section.,WRITTEN_WORK,MEDIUM,2026-08-24 09:00:00,2026-08-28 18:00:00,0,PUBLISHED,45,20.00,2026-08-24 09:00:00,1,2026-09-01 10:59:33,1,2026-09-01 10:59:33,NULL,0x0000000000002B23
79,2,2,4,7,14,7,27,English Practice Assignment,Weekly practice work for the assigned section.,WRITTEN_WORK,MEDIUM,2026-08-24 09:00:00,2026-08-28 18:00:00,0,PUBLISHED,45,20.00,2026-08-24 09:00:00,1,2026-09-01 10:59:33,1,2026-09-01 10:59:33,NULL,0x0000000000002B24
80,2,2,4,7,14,8,28,Mathematics Practice Assignment,Weekly practice work for the assigned section.,WRITTEN_WORK,MEDIUM,2026-08-24 09:00:00,2026-08-28 18:00:00,0,PUBLISHED,45,20.00,2026-08-24 09:00:00,1,2026-09-01 10:59:33,1,2026-09-01 10:59:33,NULL,0x0000000000002B25
81,2,2,4,7,14,9,27,Science Practice Assignment,Weekly practice work for the assigned section.,WRITTEN_WORK,MEDIUM,2026-08-24 09:00:00,2026-08-28 18:00:00,0,PUBLISHED,45,20.00,2026-08-24 09:00:00,1,2026-09-01 10:59:33,1,2026-09-01 10:59:33,NULL,0x0000000000002B26
82,2,2,4,7,14,10,28,Social Science Practice Assignment,Weekly practice work for the assigned section.,WRITTEN_WORK,MEDIUM,2026-08-24 09:00:00,2026-08-28 18:00:00,0,PUBLISHED,45,20.00,2026-08-24 09:00:00,1,2026-09-01 10:59:33,1,2026-09-01 10:59:33,NULL,0x0000000000002B27
83,2,2,4,7,14,11,27,Computer Science Practice Assignment,Weekly practice work for the assigned section.,WRITTEN_WORK,MEDIUM,2026-08-24 09:00:00,2026-08-28 18:00:00,0,PUBLISHED,45,20.00,2026-08-24 09:00:00,1,2026-09-01 10:59:33,1,2026-09-01 10:59:33,NULL,0x0000000000002B28
84,2,2,4,7,14,12,28,Physical Education Practice Assignment,Weekly practice work for the assigned section.,WRITTEN_WORK,MEDIUM,2026-08-24 09:00:00,2026-08-28 18:00:00,0,PUBLISHED,45,20.00,2026-08-24 09:00:00,1,2026-09-01 10:59:33,1,2026-09-01 10:59:33,NULL,0x0000000000002B29
85,2,2,4,8,15,7,29,English Practice Assignment,Weekly practice work for the assigned section.,WRITTEN_WORK,HIGH,2026-08-24 09:00:00,2026-08-28 18:00:00,0,PUBLISHED,45,20.00,2026-08-24 09:00:00,1,2026-09-01 10:59:33,1,2026-09-01 10:59:33,NULL,0x0000000000002B2A
86,2,2,4,8,15,8,30,Mathematics Practice Assignment,Weekly practice work for the assigned section.,WRITTEN_WORK,HIGH,2026-08-24 09:00:00,2026-08-28 18:00:00,0,PUBLISHED,45,20.00,2026-08-24 09:00:00,1,2026-09-01 10:59:33,1,2026-09-01 10:59:33,NULL,0x0000000000002B2B
87,2,2,4,8,15,9,29,Science Practice Assignment,Weekly practice work for the assigned section.,WRITTEN_WORK,HIGH,2026-08-24 09:00:00,2026-08-28 18:00:00,0,PUBLISHED,45,20.00,2026-08-24 09:00:00,1,2026-09-01 10:59:33,1,2026-09-01 10:59:33,NULL,0x0000000000002B2C
88,2,2,4,8,15,10,30,Social Science Practice Assignment,Weekly practice work for the assigned section.,WRITTEN_WORK,HIGH,2026-08-24 09:00:00,2026-08-28 18:00:00,0,PUBLISHED,45,20.00,2026-08-24 09:00:00,1,2026-09-01 10:59:33,1,2026-09-01 10:59:33,NULL,0x0000000000002B2D
89,2,2,4,8,15,11,29,Computer Science Practice Assignment,Weekly practice work for the assigned section.,WRITTEN_WORK,HIGH,2026-08-24 09:00:00,2026-08-28 18:00:00,0,PUBLISHED,45,20.00,2026-08-24 09:00:00,1,2026-09-01 10:59:33,1,2026-09-01 10:59:33,NULL,0x0000000000002B2E
90,2,2,4,8,15,12,30,Physical Education Practice Assignment,Weekly practice work for the assigned section.,WRITTEN_WORK,HIGH,2026-08-24 09:00:00,2026-08-28 18:00:00,0,PUBLISHED,45,20.00,2026-08-24 09:00:00,1,2026-09-01 10:59:33,1,2026-09-01 10:59:33,NULL,0x0000000000002B2F
91,2,2,4,8,16,7,31,English Practice Assignment,Weekly practice work for the assigned section.,WRITTEN_WORK,MEDIUM,2026-08-24 09:00:00,2026-08-28 18:00:00,0,PUBLISHED,45,20.00,2026-08-24 09:00:00,1,2026-09-01 10:59:33,1,2026-09-01 10:59:33,NULL,0x0000000000002B30
92,2,2,4,8,16,8,32,Mathematics Practice Assignment,Weekly practice work for the assigned section.,WRITTEN_WORK,MEDIUM,2026-08-24 09:00:00,2026-08-28 18:00:00,0,PUBLISHED,45,20.00,2026-08-24 09:00:00,1,2026-09-01 10:59:33,1,2026-09-01 10:59:33,NULL,0x0000000000002B31
93,2,2,4,8,16,9,31,Science Practice Assignment,Weekly practice work for the assigned section.,WRITTEN_WORK,MEDIUM,2026-08-24 09:00:00,2026-08-28 18:00:00,0,PUBLISHED,45,20.00,2026-08-24 09:00:00,1,2026-09-01 10:59:33,1,2026-09-01 10:59:33,NULL,0x0000000000002B32
94,2,2,4,8,16,10,32,Social Science Practice Assignment,Weekly practice work for the assigned section.,WRITTEN_WORK,MEDIUM,2026-08-24 09:00:00,2026-08-28 18:00:00,0,PUBLISHED,45,20.00,2026-08-24 09:00:00,1,2026-09-01 10:59:33,1,2026-09-01 10:59:33,NULL,0x0000000000002B33
95,2,2,4,8,16,11,31,Computer Science Practice Assignment,Weekly practice work for the assigned section.,WRITTEN_WORK,MEDIUM,2026-08-24 09:00:00,2026-08-28 18:00:00,0,PUBLISHED,45,20.00,2026-08-24 09:00:00,1,2026-09-01 10:59:33,1,2026-09-01 10:59:33,NULL,0x0000000000002B34
96,2,2,4,8,16,12,32,Physical Education Practice Assignment,Weekly practice work for the assigned section.,WRITTEN_WORK,MEDIUM,2026-08-24 09:00:00,2026-08-28 18:00:00,0,PUBLISHED,45,20.00,2026-08-24 09:00:00,1,2026-09-01 10:59:33,1,2026-09-01 10:59:33,NULL,0x0000000000002B35
