teacher_id,user_id,school_id,branch_id,subject_id,employee_code,first_name,middle_name,last_name,mobile_number,email_address,status,is_active,created_at,created_by,updated_at,updated_by,row_version
1,2,1,1,1,TCHR001,Arjun,NULL,Faculty,9870000001,tchr001@thinkigen.test,ACTIVE,1,2026-09-01 10:59:33,1,2026-09-01 10:59:33,NULL,0x00000000000028B3
2,4,1,1,2,TCHR002,Priya,NULL,Faculty,9870000002,tchr002@thinkigen.test,ACTIVE,1,2026-09-01 10:59:33,1,2026-09-01 10:59:33,NULL,0x00000000000028B4
3,6,1,1,1,TCHR003,Rahul,NULL,Faculty,9870000003,tchr003@thinkigen.test,ACTIVE,1,2026-09-01 10:59:33,1,2026-09-01 10:59:33,NULL,0x00000000000028B5
4,8,1,1,2,TCHR004,Ananya,NULL,Faculty,9870000004,tchr004@thinkigen.test,ACTIVE,1,2026-09-01 10:59:33,1,2026-09-01 10:59:33,NULL,0x00000000000028B6
5,10,1,1,1,TCHR005,Vikram,NULL,Faculty,9870000005,tchr005@thinkigen.test,ACTIVE,1,2026-09-01 10:59:33,1,2026-09-01 10:59:33,NULL,0x00000000000028B7
6,12,1,1,2,TCHR006,Sneha,NULL,Faculty,9870000006,tchr006@thinkigen.test,ACTIVE,1,2026-09-01 10:59:33,1,2026-09-01 10:59:33,NULL,0x00000000000028B8
7,14,1,1,1,TCHR007,Kiran,NULL,Faculty,9870000007,tchr007@thinkigen.test,ACTIVE,1,2026-09-01 10:59:33,1,2026-09-01 10:59:33,NULL,0x00000000000028B9
8,16,1,1,2,TCHR008,Meera,NULL,Faculty,9870000008,tchr008@thinkigen.test,ACTIVE,1,2026-09-01 10:59:33,1,2026-09-01 10:59:33,NULL,0x00000000000028BA
9,18,1,2,1,TCHR009,Arjun,NULL,Faculty,9870000009,tchr009@thinkigen.test,ACTIVE,1,2026-09-01 10:59:33,1,2026-09-01 10:59:33,NULL,0x00000000000028BB
10,20,1,2,2,TCHR010,Priya,NULL,Faculty,9870000010,tchr010@thinkigen.test,ACTIVE,1,2026-09-01 10:59:33,1,2026-09-01 10:59:33,NULL,0x00000000000028BC
11,22,1,2,1,TCHR011,Rahul,NULL,Faculty,9870000011,tchr011@thinkigen.test,ACTIVE,1,2026-09-01 10:59:33,1,2026-09-01 10:59:33,NULL,0x00000000000028BD
12,24,1,2,2,TCHR012,Ananya,NULL,Faculty,9870000012,tchr012@thinkigen.test,ACTIVE,1,2026-09-01 10:59:33,1,2026-09-01 10:59:33,NULL,0x00000000000028BE
13,26,1,2,1,TCHR013,Vikram,NULL,Faculty,9870000013,tchr013@thinkigen.test,ACTIVE,1,2026-09-01 10:59:33,1,2026-09-01 10:59:33,NULL,0x00000000000028BF
14,28,1,2,2,TCHR014,Sneha,NULL,Faculty,9870000014,tchr014@thinkigen.test,ACTIVE,1,2026-09-01 10:59:33,1,2026-09-01 10:59:33,NULL,0x00000000000028C0
15,30,1,2,1,TCHR015,Kiran,NULL,Faculty,9870000015,tchr015@thinkigen.test,ACTIVE,1,2026-09-01 10:59:33,1,2026-09-01 10:59:33,NULL,0x00000000000028C1
16,32,1,2,2,TCHR016,Meera,NULL,Faculty,9870000016,tchr016@thinkigen.test,ACTIVE,1,2026-09-01 10:59:33,1,2026-09-01 10:59:33,NULL,0x00000000000028C2
17,34,2,3,7,TCHR017,Arjun,NULL,Faculty,9870000017,tchr017@thinkigen.test,ACTIVE,1,2026-09-01 10:59:33,1,2026-09-01 10:59:33,NULL,0x00000000000028C3
18,36,2,3,8,TCHR018,Priya,NULL,Faculty,9870000018,tchr018@thinkigen.test,ACTIVE,1,2026-09-01 10:59:33,1,2026-09-01 10:59:33,NULL,0x00000000000028C4
19,38,2,3,7,TCHR019,Rahul,NULL,Faculty,9870000019,tchr019@thinkigen.test,ACTIVE,1,2026-09-01 10:59:33,1,2026-09-01 10:59:33,NULL,0x00000000000028C5
20,40,2,3,8,TCHR020,Ananya,NULL,Faculty,9870000020,tchr020@thinkigen.test,ACTIVE,1,2026-09-01 10:59:33,1,2026-09-01 10:59:33,NULL,0x00000000000028C6
21,42,2,3,7,TCHR021,Vikram,NULL,Faculty,9870000021,tchr021@thinkigen.test,ACTIVE,1,2026-09-01 10:59:33,1,2026-09-01 10:59:33,NULL,0x00000000000028C7
22,44,2,3,8,TCHR022,Sneha,NULL,Faculty,9870000022,tchr022@thinkigen.test,ACTIVE,1,2026-09-01 10:59:33,1,2026-09-01 10:59:33,NULL,0x00000000000028C8
23,46,2,3,7,TCHR023,Kiran,NULL,Faculty,9870000023,tchr023@thinkigen.test,ACTIVE,1,2026-09-01 10:59:33,1,2026-09-01 10:59:33,NULL,0x00000000000028C9
24,48,2,3,8,TCHR024,Meera,NULL,Faculty,9870000024,tchr024@thinkigen.test,ACTIVE,1,2026-09-01 10:59:33,1,2026-09-01 10:59:33,NULL,0x00000000000028CA
25,50,2,4,7,TCHR025,Arjun,NULL,Faculty,9870000025,tchr025@thinkigen.test,ACTIVE,1,2026-09-01 10:59:33,1,2026-09-01 10:59:33,NULL,0x00000000000028CB
26,52,2,4,8,TCHR026,Priya,NULL,Faculty,9870000026,tchr026@thinkigen.test,ACTIVE,1,2026-09-01 10:59:33,1,2026-09-01 10:59:33,NULL,0x00000000000028CC
27,54,2,4,7,TCHR027,Rahul,NULL,Faculty,9870000027,tchr027@thinkigen.test,ACTIVE,1,2026-09-01 10:59:33,1,2026-09-01 10:59:33,NULL,0x00000000000028CD
28,56,2,4,8,TCHR028,Ananya,NULL,Faculty,9870000028,tchr028@thinkigen.test,ACTIVE,1,2026-09-01 10:59:33,1,2026-09-01 10:59:33,NULL,0x00000000000028CE
29,58,2,4,7,TCHR029,Vikram,NULL,Faculty,9870000029,tchr029@thinkigen.test,ACTIVE,1,2026-09-01 10:59:33,1,2026-09-01 10:59:33,NULL,0x00000000000028CF
30,60,2,4,8,TCHR030,Sneha,NULL,Faculty,9870000030,tchr030@thinkigen.test,ACTIVE,1,2026-09-01 10:59:33,1,2026-09-01 10:59:33,NULL,0x00000000000028D0
31,62,2,4,7,TCHR031,Kiran,NULL,Faculty,9870000031,tchr031@thinkigen.test,ACTIVE,1,2026-09-01 10:59:33,1,2026-09-01 10:59:33,NULL,0x00000000000028D1
32,64,2,4,8,TCHR032,Meera,NULL,Faculty,9870000032,tchr032@thinkigen.test,ACTIVE,1,2026-09-01 10:59:33,1,2026-09-01 10:59:33,NULL,0x00000000000028D2
