teacher_subject_assignment_id,school_id,branch_id,academic_year_id,class_id,section_id,class_subject_id,subject_id,teacher_id,is_active,created_at,created_by,updated_at,updated_by,row_version
1,1,1,1,1,1,1,1,1,1,2026-09-01 10:59:33,1,2026-09-01 10:59:33,NULL,0x00000000000028D3
2,1,1,1,1,1,2,2,2,1,2026-09-01 10:59:33,1,2026-09-01 10:59:33,NULL,0x00000000000028D4
3,1,1,1,1,1,3,3,1,1,2026-09-01 10:59:33,1,2026-09-01 10:59:33,NULL,0x00000000000028D5
4,1,1,1,1,1,4,4,2,1,2026-09-01 10:59:33,1,2026-09-01 10:59:33,NULL,0x00000000000028D6
5,1,1,1,1,1,5,5,1,1,2026-09-01 10:59:33,1,2026-09-01 10:59:33,NULL,0x00000000000028D7
6,1,1,1,1,1,6,6,2,1,2026-09-01 10:59:33,1,2026-09-01 10:59:33,NULL,0x00000000000028D8
7,1,1,1,1,2,1,1,3,1,2026-09-01 10:59:33,1,2026-09-01 10:59:33,NULL,0x00000000000028D9
8,1,1,1,1,2,2,2,4,1,2026-09-01 10:59:33,1,2026-09-01 10:59:33,NULL,0x00000000000028DA
9,1,1,1,1,2,3,3,3,1,2026-09-01 10:59:33,1,2026-09-01 10:59:33,NULL,0x00000000000028DB
10,1,1,1,1,2,4,4,4,1,2026-09-01 10:59:33,1,2026-09-01 10:59:33,NULL,0x00000000000028DC
11,1,1,1,1,2,5,5,3,1,2026-09-01 10:59:33,1,2026-09-01 10:59:33,NULL,0x00000000000028DD
12,1,1,1,1,2,6,6,4,1,2026-09-01 10:59:33,1,2026-09-01 10:59:33,NULL,0x00000000000028DE
13,1,1,1,2,3,7,1,5,1,2026-09-01 10:59:33,1,2026-09-01 10:59:33,NULL,0x00000000000028DF
14,1,1,1,2,3,8,2,6,1,2026-09-01 10:59:33,1,2026-09-01 10:59:33,NULL,0x00000000000028E0
15,1,1,1,2,3,9,3,5,1,2026-09-01 10:59:33,1,2026-09-01 10:59:33,NULL,0x00000000000028E1
16,1,1,1,2,3,10,4,6,1,2026-09-01 10:59:33,1,2026-09-01 10:59:33,NULL,0x00000000000028E2
17,1,1,1,2,3,11,5,5,1,2026-09-01 10:59:33,1,2026-09-01 10:59:33,NULL,0x00000000000028E3
18,1,1,1,2,3,12,6,6,1,2026-09-01 10:59:33,1,2026-09-01 10:59:33,NULL,0x00000000000028E4
19,1,1,1,2,4,7,1,7,1,2026-09-01 10:59:33,1,2026-09-01 10:59:33,NULL,0x00000000000028E5
20,1,1,1,2,4,8,2,8,1,2026-09-01 10:59:33,1,2026-09-01 10:59:33,NULL,0x00000000000028E6
21,1,1,1,2,4,9,3,7,1,2026-09-01 10:59:33,1,2026-09-01 10:59:33,NULL,0x00000000000028E7
22,1,1,1,2,4,10,4,8,1,2026-09-01 10:59:33,1,2026-09-01 10:59:33,NULL,0x00000000000028E8
23,1,1,1,2,4,11,5,7,1,2026-09-01 10:59:33,1,2026-09-01 10:59:33,NULL,0x00000000000028E9
24,1,1,1,2,4,12,6,8,1,2026-09-01 10:59:33,1,2026-09-01 10:59:33,NULL,0x00000000000028EA
25,1,2,1,3,5,13,1,9,1,2026-09-01 10:59:33,1,2026-09-01 10:59:33,NULL,0x00000000000028EB
26,1,2,1,3,5,14,2,10,1,2026-09-01 10:59:33,1,2026-09-01 10:59:33,NULL,0x00000000000028EC
27,1,2,1,3,5,15,3,9,1,2026-09-01 10:59:33,1,2026-09-01 10:59:33,NULL,0x00000000000028ED
28,1,2,1,3,5,16,4,10,1,2026-09-01 10:59:33,1,2026-09-01 10:59:33,NULL,0x00000000000028EE
29,1,2,1,3,5,17,5,9,1,2026-09-01 10:59:33,1,2026-09-01 10:59:33,NULL,0x00000000000028EF
30,1,2,1,3,5,18,6,10,1,2026-09-01 10:59:33,1,2026-09-01 10:59:33,NULL,0x00000000000028F0
31,1,2,1,3,6,13,1,11,1,2026-09-01 10:59:33,1,2026-09-01 10:59:33,NULL,0x00000000000028F1
32,1,2,1,3,6,14,2,12,1,2026-09-01 10:59:33,1,2026-09-01 10:59:33,NULL,0x00000000000028F2
33,1,2,1,3,6,15,3,11,1,2026-09-01 10:59:33,1,2026-09-01 10:59:33,NULL,0x00000000000028F3
34,1,2,1,3,6,16,4,12,1,2026-09-01 10:59:33,1,2026-09-01 10:59:33,NULL,0x00000000000028F4
35,1,2,1,3,6,17,5,11,1,2026-09-01 10:59:33,1,2026-09-01 10:59:33,NULL,0x00000000000028F5
36,1,2,1,3,6,18,6,12,1,2026-09-01 10:59:33,1,2026-09-01 10:59:33,NULL,0x00000000000028F6
37,1,2,1,4,7,19,1,13,1,2026-09-01 10:59:33,1,2026-09-01 10:59:33,NULL,0x00000000000028F7
38,1,2,1,4,7,20,2,14,1,2026-09-01 10:59:33,1,2026-09-01 10:59:33,NULL,0x00000000000028F8
39,1,2,1,4,7,21,3,13,1,2026-09-01 10:59:33,1,2026-09-01 10:59:33,NULL,0x00000000000028F9
40,1,2,1,4,7,22,4,14,1,2026-09-01 10:59:33,1,2026-09-01 10:59:33,NULL,0x00000000000028FA
41,1,2,1,4,7,23,5,13,1,2026-09-01 10:59:33,1,2026-09-01 10:59:33,NULL,0x00000000000028FB
42,1,2,1,4,7,24,6,14,1,2026-09-01 10:59:33,1,2026-09-01 10:59:33,NULL,0x00000000000028FC
43,1,2,1,4,8,19,1,15,1,2026-09-01 10:59:33,1,2026-09-01 10:59:33,NULL,0x00000000000028FD
44,1,2,1,4,8,20,2,16,1,2026-09-01 10:59:33,1,2026-09-01 10:59:33,NULL,0x00000000000028FE
45,1,2,1,4,8,21,3,15,1,2026-09-01 10:59:33,1,2026-09-01 10:59:33,NULL,0x00000000000028FF
46,1,2,1,4,8,22,4,16,1,2026-09-01 10:59:33,1,2026-09-01 10:59:33,NULL,0x0000000000002901
47,1,2,1,4,8,23,5,15,1,2026-09-01 10:59:33,1,2026-09-01 10:59:33,NULL,0x0000000000002902
48,1,2,1,4,8,24,6,16,1,2026-09-01 10:59:33,1,2026-09-01 10:59:33,NULL,0x0000000000002903
49,2,3,2,5,9,25,7,17,1,2026-09-01 10:59:33,1,2026-09-01 10:59:33,NULL,0x0000000000002904
50,2,3,2,5,9,26,8,18,1,2026-09-01 10:59:33,1,2026-09-01 10:59:33,NULL,0x0000000000002905
51,2,3,2,5,9,27,9,17,1,2026-09-01 10:59:33,1,2026-09-01 10:59:33,NULL,0x0000000000002906
52,2,3,2,5,9,28,10,18,1,2026-09-01 10:59:33,1,2026-09-01 10:59:33,NULL,0x0000000000002907
53,2,3,2,5,9,29,11,17,1,2026-09-01 10:59:33,1,2026-09-01 10:59:33,NULL,0x0000000000002908
54,2,3,2,5,9,30,12,18,1,2026-09-01 10:59:33,1,2026-09-01 10:59:33,NULL,0x0000000000002909
55,2,3,2,5,10,25,7,19,1,2026-09-01 10:59:33,1,2026-09-01 10:59:33,NULL,0x000000000000290A
56,2,3,2,5,10,26,8,20,1,2026-09-01 10:59:33,1,2026-09-01 10:59:33,NULL,0x000000000000290B
57,2,3,2,5,10,27,9,19,1,2026-09-01 10:59:33,1,2026-09-01 10:59:33,NULL,0x000000000000290C
58,2,3,2,5,10,28,10,20,1,2026-09-01 10:59:33,1,2026-09-01 10:59:33,NULL,0x000000000000290D
59,2,3,2,5,10,29,11,19,1,2026-09-01 10:59:33,1,2026-09-01 10:59:33,NULL,0x000000000000290E
60,2,3,2,5,10,30,12,20,1,2026-09-01 10:59:33,1,2026-09-01 10:59:33,NULL,0x000000000000290F
61,2,3,2,6,11,31,7,21,1,2026-09-01 10:59:33,1,2026-09-01 10:59:33,NULL,0x0000000000002910
62,2,3,2,6,11,32,8,22,1,2026-09-01 10:59:33,1,2026-09-01 10:59:33,NULL,0x0000000000002911
63,2,3,2,6,11,33,9,21,1,2026-09-01 10:59:33,1,2026-09-01 10:59:33,NULL,0x0000000000002912
64,2,3,2,6,11,34,10,22,1,2026-09-01 10:59:33,1,2026-09-01 10:59:33,NULL,0x0000000000002913
65,2,3,2,6,11,35,11,21,1,2026-09-01 10:59:33,1,2026-09-01 10:59:33,NULL,0x0000000000002914
66,2,3,2,6,11,36,12,22,1,2026-09-01 10:59:33,1,2026-09-01 10:59:33,NULL,0x0000000000002915
67,2,3,2,6,12,31,7,23,1,2026-09-01 10:59:33,1,2026-09-01 10:59:33,NULL,0x0000000000002916
68,2,3,2,6,12,32,8,24,1,2026-09-01 10:59:33,1,2026-09-01 10:59:33,NULL,0x0000000000002917
69,2,3,2,6,12,33,9,23,1,2026-09-01 10:59:33,1,2026-09-01 10:59:33,NULL,0x0000000000002918
70,2,3,2,6,12,34,10,24,1,2026-09-01 10:59:33,1,2026-09-01 10:59:33,NULL,0x0000000000002919
71,2,3,2,6,12,35,11,23,1,2026-09-01 10:59:33,1,2026-09-01 10:59:33,NULL,0x000000000000291A
72,2,3,2,6,12,36,12,24,1,2026-09-01 10:59:33,1,2026-09-01 10:59:33,NULL,0x000000000000291B
73,2,4,2,7,13,37,7,25,1,2026-09-01 10:59:33,1,2026-09-01 10:59:33,NULL,0x000000000000291C
74,2,4,2,7,13,38,8,26,1,2026-09-01 10:59:33,1,2026-09-01 10:59:33,NULL,0x000000000000291D
75,2,4,2,7,13,39,9,25,1,2026-09-01 10:59:33,1,2026-09-01 10:59:33,NULL,0x000000000000291E
76,2,4,2,7,13,40,10,26,1,2026-09-01 10:59:33,1,2026-09-01 10:59:33,NULL,0x000000000000291F
77,2,4,2,7,13,41,11,25,1,2026-09-01 10:59:33,1,2026-09-01 10:59:33,NULL,0x0000000000002920
78,2,4,2,7,13,42,12,26,1,2026-09-01 10:59:33,1,2026-09-01 10:59:33,NULL,0x0000000000002921
79,2,4,2,7,14,37,7,27,1,2026-09-01 10:59:33,1,2026-09-01 10:59:33,NULL,0x0000000000002922
80,2,4,2,7,14,38,8,28,1,2026-09-01 10:59:33,1,2026-09-01 10:59:33,NULL,0x0000000000002923
81,2,4,2,7,14,39,9,27,1,2026-09-01 10:59:33,1,2026-09-01 10:59:33,NULL,0x0000000000002924
82,2,4,2,7,14,40,10,28,1,2026-09-01 10:59:33,1,2026-09-01 10:59:33,NULL,0x0000000000002925
83,2,4,2,7,14,41,11,27,1,2026-09-01 10:59:33,1,2026-09-01 10:59:33,NULL,0x0000000000002926
84,2,4,2,7,14,42,12,28,1,2026-09-01 10:59:33,1,2026-09-01 10:59:33,NULL,0x0000000000002927
85,2,4,2,8,15,43,7,29,1,2026-09-01 10:59:33,1,2026-09-01 10:59:33,NULL,0x0000000000002928
86,2,4,2,8,15,44,8,30,1,2026-09-01 10:59:33,1,2026-09-01 10:59:33,NULL,0x0000000000002929
87,2,4,2,8,15,45,9,29,1,2026-09-01 10:59:33,1,2026-09-01 10:59:33,NULL,0x000000000000292A
88,2,4,2,8,15,46,10,30,1,2026-09-01 10:59:33,1,2026-09-01 10:59:33,NULL,0x000000000000292B
89,2,4,2,8,15,47,11,29,1,2026-09-01 10:59:33,1,2026-09-01 10:59:33,NULL,0x000000000000292C
90,2,4,2,8,15,48,12,30,1,2026-09-01 10:59:33,1,2026-09-01 10:59:33,NULL,0x000000000000292D
91,2,4,2,8,16,43,7,31,1,2026-09-01 10:59:33,1,2026-09-01 10:59:33,NULL,0x000000000000292E
92,2,4,2,8,16,44,8,32,1,2026-09-01 10:59:33,1,2026-09-01 10:59:33,NULL,0x000000000000292F
93,2,4,2,8,16,45,9,31,1,2026-09-01 10:59:33,1,2026-09-01 10:59:33,NULL,0x0000000000002930
94,2,4,2,8,16,46,10,32,1,2026-09-01 10:59:33,1,2026-09-01 10:59:33,NULL,0x0000000000002931
95,2,4,2,8,16,47,11,31,1,2026-09-01 10:59:33,1,2026-09-01 10:59:33,NULL,0x0000000000002932
96,2,4,2,8,16,48,12,32,1,2026-09-01 10:59:33,1,2026-09-01 10:59:33,NULL,0x0000000000002933
