homework_id,school_id,academic_year_id,branch_id,class_id,section_id,subject_id,teacher_id,homework_type,title,description,priority_level,assigned_at,deadline_at,allow_late_submission,status,estimated_minutes,published_at,is_active,created_at,created_by,updated_at,updated_by,row_version
1,1,1,1,1,1,1,1,HOMEWORK,English Chapter Review,Revise the assigned chapter and answer the review questions.,MEDIUM,2026-08-26 15:00:00,2026-08-29 18:00:00,0,PUBLISHED,30,2026-08-26 15:00:00,1,2026-09-01 10:59:33,1,2026-09-01 10:59:33,NULL,0x0000000000002BF6
2,1,1,1,1,1,2,2,HOMEWORK,Mathematics Chapter Review,Revise the assigned chapter and answer the review questions.,MEDIUM,2026-08-26 15:00:00,2026-08-29 18:00:00,0,PUBLISHED,30,2026-08-26 15:00:00,1,2026-09-01 10:59:33,1,2026-09-01 10:59:33,NULL,0x0000000000002BF7
3,1,1,1,1,1,3,1,HOMEWORK,Science Chapter Review,Revise the assigned chapter and answer the review questions.,MEDIUM,2026-08-26 15:00:00,2026-08-29 18:00:00,0,PUBLISHED,30,2026-08-26 15:00:00,1,2026-09-01 10:59:33,1,2026-09-01 10:59:33,NULL,0x0000000000002BF8
4,1,1,1,1,1,4,2,HOMEWORK,Social Science Chapter Review,Revise the assigned chapter and answer the review questions.,MEDIUM,2026-08-26 15:00:00,2026-08-29 18:00:00,0,PUBLISHED,30,2026-08-26 15:00:00,1,2026-09-01 10:59:33,1,2026-09-01 10:59:33,NULL,0x0000000000002BF9
5,1,1,1,1,1,5,1,HOMEWORK,Computer Science Chapter Review,Revise the assigned chapter and answer the review questions.,MEDIUM,2026-08-26 15:00:00,2026-08-29 18:00:00,0,PUBLISHED,30,2026-08-26 15:00:00,1,2026-09-01 10:59:33,1,2026-09-01 10:59:33,NULL,0x0000000000002BFA
6,1,1,1,1,1,6,2,HOMEWORK,Physical Education Chapter Review,Revise the assigned chapter and answer the review questions.,MEDIUM,2026-08-26 15:00:00,2026-08-29 18:00:00,0,PUBLISHED,30,2026-08-26 15:00:00,1,2026-09-01 10:59:33,1,2026-09-01 10:59:33,NULL,0x0000000000002BFB
7,1,1,1,1,2,1,3,HOMEWORK,English Chapter Review,Revise the assigned chapter and answer the review questions.,MEDIUM,2026-08-26 15:00:00,2026-08-29 18:00:00,0,PUBLISHED,30,2026-08-26 15:00:00,1,2026-09-01 10:59:33,1,2026-09-01 10:59:33,NULL,0x0000000000002BFC
8,1,1,1,1,2,2,4,HOMEWORK,Mathematics Chapter Review,Revise the assigned chapter and answer the review questions.,MEDIUM,2026-08-26 15:00:00,2026-08-29 18:00:00,0,PUBLISHED,30,2026-08-26 15:00:00,1,2026-09-01 10:59:33,1,2026-09-01 10:59:33,NULL,0x0000000000002BFD
9,1,1,1,1,2,3,3,HOMEWORK,Science Chapter Review,Revise the assigned chapter and answer the review questions.,MEDIUM,2026-08-26 15:00:00,2026-08-29 18:00:00,0,PUBLISHED,30,2026-08-26 15:00:00,1,2026-09-01 10:59:33,1,2026-09-01 10:59:33,NULL,0x0000000000002BFE
10,1,1,1,1,2,4,4,HOMEWORK,Social Science Chapter Review,Revise the assigned chapter and answer the review questions.,MEDIUM,2026-08-26 15:00:00,2026-08-29 18:00:00,0,PUBLISHED,30,2026-08-26 15:00:00,1,2026-09-01 10:59:33,1,2026-09-01 10:59:33,NULL,0x0000000000002BFF
11,1,1,1,1,2,5,3,HOMEWORK,Computer Science Chapter Review,Revise the assigned chapter and answer the review questions.,MEDIUM,2026-08-26 15:00:00,2026-08-29 18:00:00,0,PUBLISHED,30,2026-08-26 15:00:00,1,2026-09-01 10:59:33,1,2026-09-01 10:59:33,NULL,0x0000000000002C01
12,1,1,1,1,2,6,4,HOMEWORK,Physical Education Chapter Review,Revise the assigned chapter and answer the review questions.,MEDIUM,2026-08-26 15:00:00,2026-08-29 18:00:00,0,PUBLISHED,30,2026-08-26 15:00:00,1,2026-09-01 10:59:33,1,2026-09-01 10:59:33,NULL,0x0000000000002C02
13,1,1,1,2,3,1,5,HOMEWORK,English Chapter Review,Revise the assigned chapter and answer the review questions.,MEDIUM,2026-08-26 15:00:00,2026-08-29 18:00:00,0,PUBLISHED,30,2026-08-26 15:00:00,1,2026-09-01 10:59:33,1,2026-09-01 10:59:33,NULL,0x0000000000002C03
14,1,1,1,2,3,2,6,HOMEWORK,Mathematics Chapter Review,Revise the assigned chapter and answer the review questions.,MEDIUM,2026-08-26 15:00:00,2026-08-29 18:00:00,0,PUBLISHED,30,2026-08-26 15:00:00,1,2026-09-01 10:59:33,1,2026-09-01 10:59:33,NULL,0x0000000000002C04
15,1,1,1,2,3,3,5,HOMEWORK,Science Chapter Review,Revise the assigned chapter and answer the review questions.,MEDIUM,2026-08-26 15:00:00,2026-08-29 18:00:00,0,PUBLISHED,30,2026-08-26 15:00:00,1,2026-09-01 10:59:33,1,2026-09-01 10:59:33,NULL,0x0000000000002C05
16,1,1,1,2,3,4,6,HOMEWORK,Social Science Chapter Review,Revise the assigned chapter and answer the review questions.,MEDIUM,2026-08-26 15:00:00,2026-08-29 18:00:00,0,PUBLISHED,30,2026-08-26 15:00:00,1,2026-09-01 10:59:33,1,2026-09-01 10:59:33,NULL,0x0000000000002C06
17,1,1,1,2,3,5,5,HOMEWORK,Computer Science Chapter Review,Revise the assigned chapter and answer the review questions.,MEDIUM,2026-08-26 15:00:00,2026-08-29 18:00:00,0,PUBLISHED,30,2026-08-26 15:00:00,1,2026-09-01 10:59:33,1,2026-09-01 10:59:33,NULL,0x0000000000002C07
18,1,1,1,2,3,6,6,HOMEWORK,Physical Education Chapter Review,Revise the assigned chapter and answer the review questions.,MEDIUM,2026-08-26 15:00:00,2026-08-29 18:00:00,0,PUBLISHED,30,2026-08-26 15:00:00,1,2026-09-01 10:59:33,1,2026-09-01 10:59:33,NULL,0x0000000000002C08
19,1,1,1,2,4,1,7,HOMEWORK,English Chapter Review,Revise the assigned chapter and answer the review questions.,MEDIUM,2026-08-26 15:00:00,2026-08-29 18:00:00,0,PUBLISHED,30,2026-08-26 15:00:00,1,2026-09-01 10:59:33,1,2026-09-01 10:59:33,NULL,0x0000000000002C09
20,1,1,1,2,4,2,8,HOMEWORK,Mathematics Chapter Review,Revise the assigned chapter and answer the review questions.,MEDIUM,2026-08-26 15:00:00,2026-08-29 18:00:00,0,PUBLISHED,30,2026-08-26 15:00:00,1,2026-09-01 10:59:33,1,2026-09-01 10:59:33,NULL,0x0000000000002C0A
21,1,1,1,2,4,3,7,HOMEWORK,Science Chapter Review,Revise the assigned chapter and answer the review questions.,MEDIUM,2026-08-26 15:00:00,2026-08-29 18:00:00,0,PUBLISHED,30,2026-08-26 15:00:00,1,2026-09-01 10:59:33,1,2026-09-01 10:59:33,NULL,0x0000000000002C0B
22,1,1,1,2,4,4,8,HOMEWORK,Social Science Chapter Review,Revise the assigned chapter and answer the review questions.,MEDIUM,2026-08-26 15:00:00,2026-08-29 18:00:00,0,PUBLISHED,30,2026-08-26 15:00:00,1,2026-09-01 10:59:33,1,2026-09-01 10:59:33,NULL,0x0000000000002C0C
23,1,1,1,2,4,5,7,HOMEWORK,Computer Science Chapter Review,Revise the assigned chapter and answer the review questions.,MEDIUM,2026-08-26 15:00:00,2026-08-29 18:00:00,0,PUBLISHED,30,2026-08-26 15:00:00,1,2026-09-01 10:59:33,1,2026-09-01 10:59:33,NULL,0x0000000000002C0D
24,1,1,1,2,4,6,8,HOMEWORK,Physical Education Chapter Review,Revise the assigned chapter and answer the review questions.,MEDIUM,2026-08-26 15:00:00,2026-08-29 18:00:00,0,PUBLISHED,30,2026-08-26 15:00:00,1,2026-09-01 10:59:33,1,2026-09-01 10:59:33,NULL,0x0000000000002C0E
25,1,1,2,3,5,1,9,HOMEWORK,English Chapter Review,Revise the assigned chapter and answer the review questions.,MEDIUM,2026-08-26 15:00:00,2026-08-29 18:00:00,0,PUBLISHED,30,2026-08-26 15:00:00,1,2026-09-01 10:59:33,1,2026-09-01 10:59:33,NULL,0x0000000000002C0F
26,1,1,2,3,5,2,10,HOMEWORK,Mathematics Chapter Review,Revise the assigned chapter and answer the review questions.,MEDIUM,2026-08-26 15:00:00,2026-08-29 18:00:00,0,PUBLISHED,30,2026-08-26 15:00:00,1,2026-09-01 10:59:33,1,2026-09-01 10:59:33,NULL,0x0000000000002C10
27,1,1,2,3,5,3,9,HOMEWORK,Science Chapter Review,Revise the assigned chapter and answer the review questions.,MEDIUM,2026-08-26 15:00:00,2026-08-29 18:00:00,0,PUBLISHED,30,2026-08-26 15:00:00,1,2026-09-01 10:59:33,1,2026-09-01 10:59:33,NULL,0x0000000000002C11
28,1,1,2,3,5,4,10,HOMEWORK,Social Science Chapter Review,Revise the assigned chapter and answer the review questions.,MEDIUM,2026-08-26 15:00:00,2026-08-29 18:00:00,0,PUBLISHED,30,2026-08-26 15:00:00,1,2026-09-01 10:59:33,1,2026-09-01 10:59:33,NULL,0x0000000000002C12
29,1,1,2,3,5,5,9,HOMEWORK,Computer Science Chapter Review,Revise the assigned chapter and answer the review questions.,MEDIUM,2026-08-26 15:00:00,2026-08-29 18:00:00,0,PUBLISHED,30,2026-08-26 15:00:00,1,2026-09-01 10:59:33,1,2026-09-01 10:59:33,NULL,0x0000000000002C13
30,1,1,2,3,5,6,10,HOMEWORK,Physical Education Chapter Review,Revise the assigned chapter and answer the review questions.,MEDIUM,2026-08-26 15:00:00,2026-08-29 18:00:00,0,PUBLISHED,30,2026-08-26 15:00:00,1,2026-09-01 10:59:33,1,2026-09-01 10:59:33,NULL,0x0000000000002C14
31,1,1,2,3,6,1,11,HOMEWORK,English Chapter Review,Revise the assigned chapter and answer the review questions.,MEDIUM,2026-08-26 15:00:00,2026-08-29 18:00:00,0,PUBLISHED,30,2026-08-26 15:00:00,1,2026-09-01 10:59:33,1,2026-09-01 10:59:33,NULL,0x0000000000002C15
32,1,1,2,3,6,2,12,HOMEWORK,Mathematics Chapter Review,Revise the assigned chapter and answer the review questions.,MEDIUM,2026-08-26 15:00:00,2026-08-29 18:00:00,0,PUBLISHED,30,2026-08-26 15:00:00,1,2026-09-01 10:59:33,1,2026-09-01 10:59:33,NULL,0x0000000000002C16
33,1,1,2,3,6,3,11,HOMEWORK,Science Chapter Review,Revise the assigned chapter and answer the review questions.,MEDIUM,2026-08-26 15:00:00,2026-08-29 18:00:00,0,PUBLISHED,30,2026-08-26 15:00:00,1,2026-09-01 10:59:33,1,2026-09-01 10:59:33,NULL,0x0000000000002C17
34,1,1,2,3,6,4,12,HOMEWORK,Social Science Chapter Review,Revise the assigned chapter and answer the review questions.,MEDIUM,2026-08-26 15:00:00,2026-08-29 18:00:00,0,PUBLISHED,30,2026-08-26 15:00:00,1,2026-09-01 10:59:33,1,2026-09-01 10:59:33,NULL,0x0000000000002C18
35,1,1,2,3,6,5,11,HOMEWORK,Computer Science Chapter Review,Revise the assigned chapter and answer the review questions.,MEDIUM,2026-08-26 15:00:00,2026-08-29 18:00:00,0,PUBLISHED,30,2026-08-26 15:00:00,1,2026-09-01 10:59:33,1,2026-09-01 10:59:33,NULL,0x0000000000002C19
36,1,1,2,3,6,6,12,HOMEWORK,Physical Education Chapter Review,Revise the assigned chapter and answer the review questions.,MEDIUM,2026-08-26 15:00:00,2026-08-29 18:00:00,0,PUBLISHED,30,2026-08-26 15:00:00,1,2026-09-01 10:59:33,1,2026-09-01 10:59:33,NULL,0x0000000000002C1A
37,1,1,2,4,7,1,13,HOMEWORK,English Chapter Review,Revise the assigned chapter and answer the review questions.,MEDIUM,2026-08-26 15:00:00,2026-08-29 18:00:00,0,PUBLISHED,30,2026-08-26 15:00:00,1,2026-09-01 10:59:33,1,2026-09-01 10:59:33,NULL,0x0000000000002C1B
38,1,1,2,4,7,2,14,HOMEWORK,Mathematics Chapter Review,Revise the assigned chapter and answer the review questions.,MEDIUM,2026-08-26 15:00:00,2026-08-29 18:00:00,0,PUBLISHED,30,2026-08-26 15:00:00,1,2026-09-01 10:59:33,1,2026-09-01 10:59:33,NULL,0x0000000000002C1C
39,1,1,2,4,7,3,13,HOMEWORK,Science Chapter Review,Revise the assigned chapter and answer the review questions.,MEDIUM,2026-08-26 15:00:00,2026-08-29 18:00:00,0,PUBLISHED,30,2026-08-26 15:00:00,1,2026-09-01 10:59:33,1,2026-09-01 10:59:33,NULL,0x0000000000002C1D
40,1,1,2,4,7,4,14,HOMEWORK,Social Science Chapter Review,Revise the assigned chapter and answer the review questions.,MEDIUM,2026-08-26 15:00:00,2026-08-29 18:00:00,0,PUBLISHED,30,2026-08-26 15:00:00,1,2026-09-01 10:59:33,1,2026-09-01 10:59:33,NULL,0x0000000000002C1E
41,1,1,2,4,7,5,13,HOMEWORK,Computer Science Chapter Review,Revise the assigned chapter and answer the review questions.,MEDIUM,2026-08-26 15:00:00,2026-08-29 18:00:00,0,PUBLISHED,30,2026-08-26 15:00:00,1,2026-09-01 10:59:33,1,2026-09-01 10:59:33,NULL,0x0000000000002C1F
42,1,1,2,4,7,6,14,HOMEWORK,Physical Education Chapter Review,Revise the assigned chapter and answer the review questions.,MEDIUM,2026-08-26 15:00:00,2026-08-29 18:00:00,0,PUBLISHED,30,2026-08-26 15:00:00,1,2026-09-01 10:59:33,1,2026-09-01 10:59:33,NULL,0x0000000000002C20
43,1,1,2,4,8,1,15,HOMEWORK,English Chapter Review,Revise the assigned chapter and answer the review questions.,MEDIUM,2026-08-26 15:00:00,2026-08-29 18:00:00,0,PUBLISHED,30,2026-08-26 15:00:00,1,2026-09-01 10:59:33,1,2026-09-01 10:59:33,NULL,0x0000000000002C21
44,1,1,2,4,8,2,16,HOMEWORK,Mathematics Chapter Review,Revise the assigned chapter and answer the review questions.,MEDIUM,2026-08-26 15:00:00,2026-08-29 18:00:00,0,PUBLISHED,30,2026-08-26 15:00:00,1,2026-09-01 10:59:33,1,2026-09-01 10:59:33,NULL,0x0000000000002C22
45,1,1,2,4,8,3,15,HOMEWORK,Science Chapter Review,Revise the assigned chapter and answer the review questions.,MEDIUM,2026-08-26 15:00:00,2026-08-29 18:00:00,0,PUBLISHED,30,2026-08-26 15:00:00,1,2026-09-01 10:59:33,1,2026-09-01 10:59:33,NULL,0x0000000000002C23
46,1,1,2,4,8,4,16,HOMEWORK,Social Science Chapter Review,Revise the assigned chapter and answer the review questions.,MEDIUM,2026-08-26 15:00:00,2026-08-29 18:00:00,0,PUBLISHED,30,2026-08-26 15:00:00,1,2026-09-01 10:59:33,1,2026-09-01 10:59:33,NULL,0x0000000000002C24
47,1,1,2,4,8,5,15,HOMEWORK,Computer Science Chapter Review,Revise the assigned chapter and answer the review questions.,MEDIUM,2026-08-26 15:00:00,2026-08-29 18:00:00,0,PUBLISHED,30,2026-08-26 15:00:00,1,2026-09-01 10:59:33,1,2026-09-01 10:59:33,NULL,0x0000000000002C25
48,1,1,2,4,8,6,16,HOMEWORK,Physical Education Chapter Review,Revise the assigned chapter and answer the review questions.,MEDIUM,2026-08-26 15:00:00,2026-08-29 18:00:00,0,PUBLISHED,30,2026-08-26 15:00:00,1,2026-09-01 10:59:33,1,2026-09-01 10:59:33,NULL,0x0000000000002C26
49,2,2,3,5,9,7,17,HOMEWORK,English Chapter Review,Revise the assigned chapter and answer the review questions.,MEDIUM,2026-08-26 15:00:00,2026-08-29 18:00:00,0,PUBLISHED,30,2026-08-26 15:00:00,1,2026-09-01 10:59:33,1,2026-09-01 10:59:33,NULL,0x0000000000002C27
50,2,2,3,5,9,8,18,HOMEWORK,Mathematics Chapter Review,Revise the assigned chapter and answer the review questions.,MEDIUM,2026-08-26 15:00:00,2026-08-29 18:00:00,0,PUBLISHED,30,2026-08-26 15:00:00,1,2026-09-01 10:59:33,1,2026-09-01 10:59:33,NULL,0x0000000000002C28
51,2,2,3,5,9,9,17,HOMEWORK,Science Chapter Review,Revise the assigned chapter and answer the review questions.,MEDIUM,2026-08-26 15:00:00,2026-08-29 18:00:00,0,PUBLISHED,30,2026-08-26 15:00:00,1,2026-09-01 10:59:33,1,2026-09-01 10:59:33,NULL,0x0000000000002C29
52,2,2,3,5,9,10,18,HOMEWORK,Social Science Chapter Review,Revise the assigned chapter and answer the review questions.,MEDIUM,2026-08-26 15:00:00,2026-08-29 18:00:00,0,PUBLISHED,30,2026-08-26 15:00:00,1,2026-09-01 10:59:33,1,2026-09-01 10:59:33,NULL,0x0000000000002C2A
53,2,2,3,5,9,11,17,HOMEWORK,Computer Science Chapter Review,Revise the assigned chapter and answer the review questions.,MEDIUM,2026-08-26 15:00:00,2026-08-29 18:00:00,0,PUBLISHED,30,2026-08-26 15:00:00,1,2026-09-01 10:59:33,1,2026-09-01 10:59:33,NULL,0x0000000000002C2B
54,2,2,3,5,9,12,18,HOMEWORK,Physical Education Chapter Review,Revise the assigned chapter and answer the review questions.,MEDIUM,2026-08-26 15:00:00,2026-08-29 18:00:00,0,PUBLISHED,30,2026-08-26 15:00:00,1,2026-09-01 10:59:33,1,2026-09-01 10:59:33,NULL,0x0000000000002C2C
55,2,2,3,5,10,7,19,HOMEWORK,English Chapter Review,Revise the assigned chapter and answer the review questions.,MEDIUM,2026-08-26 15:00:00,2026-08-29 18:00:00,0,PUBLISHED,30,2026-08-26 15:00:00,1,2026-09-01 10:59:33,1,2026-09-01 10:59:33,NULL,0x0000000000002C2D
56,2,2,3,5,10,8,20,HOMEWORK,Mathematics Chapter Review,Revise the assigned chapter and answer the review questions.,MEDIUM,2026-08-26 15:00:00,2026-08-29 18:00:00,0,PUBLISHED,30,2026-08-26 15:00:00,1,2026-09-01 10:59:33,1,2026-09-01 10:59:33,NULL,0x0000000000002C2E
57,2,2,3,5,10,9,19,HOMEWORK,Science Chapter Review,Revise the assigned chapter and answer the review questions.,MEDIUM,2026-08-26 15:00:00,2026-08-29 18:00:00,0,PUBLISHED,30,2026-08-26 15:00:00,1,2026-09-01 10:59:33,1,2026-09-01 10:59:33,NULL,0x0000000000002C2F
58,2,2,3,5,10,10,20,HOMEWORK,Social Science Chapter Review,Revise the assigned chapter and answer the review questions.,MEDIUM,2026-08-26 15:00:00,2026-08-29 18:00:00,0,PUBLISHED,30,2026-08-26 15:00:00,1,2026-09-01 10:59:33,1,2026-09-01 10:59:33,NULL,0x0000000000002C30
59,2,2,3,5,10,11,19,HOMEWORK,Computer Science Chapter Review,Revise the assigned chapter and answer the review questions.,MEDIUM,2026-08-26 15:00:00,2026-08-29 18:00:00,0,PUBLISHED,30,2026-08-26 15:00:00,1,2026-09-01 10:59:33,1,2026-09-01 10:59:33,NULL,0x0000000000002C31
60,2,2,3,5,10,12,20,HOMEWORK,Physical Education Chapter Review,Revise the assigned chapter and answer the review questions.,MEDIUM,2026-08-26 15:00:00,2026-08-29 18:00:00,0,PUBLISHED,30,2026-08-26 15:00:00,1,2026-09-01 10:59:33,1,2026-09-01 10:59:33,NULL,0x0000000000002C32
61,2,2,3,6,11,7,21,HOMEWORK,English Chapter Review,Revise the assigned chapter and answer the review questions.,MEDIUM,2026-08-26 15:00:00,2026-08-29 18:00:00,0,PUBLISHED,30,2026-08-26 15:00:00,1,2026-09-01 10:59:33,1,2026-09-01 10:59:33,NULL,0x0000000000002C33
62,2,2,3,6,11,8,22,HOMEWORK,Mathematics Chapter Review,Revise the assigned chapter and answer the review questions.,MEDIUM,2026-08-26 15:00:00,2026-08-29 18:00:00,0,PUBLISHED,30,2026-08-26 15:00:00,1,2026-09-01 10:59:33,1,2026-09-01 10:59:33,NULL,0x0000000000002C34
63,2,2,3,6,11,9,21,HOMEWORK,Science Chapter Review,Revise the assigned chapter and answer the review questions.,MEDIUM,2026-08-26 15:00:00,2026-08-29 18:00:00,0,PUBLISHED,30,2026-08-26 15:00:00,1,2026-09-01 10:59:33,1,2026-09-01 10:59:33,NULL,0x0000000000002C35
64,2,2,3,6,11,10,22,HOMEWORK,Social Science Chapter Review,Revise the assigned chapter and answer the review questions.,MEDIUM,2026-08-26 15:00:00,2026-08-29 18:00:00,0,PUBLISHED,30,2026-08-26 15:00:00,1,2026-09-01 10:59:33,1,2026-09-01 10:59:33,NULL,0x0000000000002C36
65,2,2,3,6,11,11,21,HOMEWORK,Computer Science Chapter Review,Revise the assigned chapter and answer the review questions.,MEDIUM,2026-08-26 15:00:00,2026-08-29 18:00:00,0,PUBLISHED,30,2026-08-26 15:00:00,1,2026-09-01 10:59:33,1,2026-09-01 10:59:33,NULL,0x0000000000002C37
66,2,2,3,6,11,12,22,HOMEWORK,Physical Education Chapter Review,Revise the assigned chapter and answer the review questions.,MEDIUM,2026-08-26 15:00:00,2026-08-29 18:00:00,0,PUBLISHED,30,2026-08-26 15:00:00,1,2026-09-01 10:59:33,1,2026-09-01 10:59:33,NULL,0x0000000000002C38
67,2,2,3,6,12,7,23,HOMEWORK,English Chapter Review,Revise the assigned chapter and answer the review questions.,MEDIUM,2026-08-26 15:00:00,2026-08-29 18:00:00,0,PUBLISHED,30,2026-08-26 15:00:00,1,2026-09-01 10:59:33,1,2026-09-01 10:59:33,NULL,0x0000000000002C39
68,2,2,3,6,12,8,24,HOMEWORK,Mathematics Chapter Review,Revise the assigned chapter and answer the review questions.,MEDIUM,2026-08-26 15:00:00,2026-08-29 18:00:00,0,PUBLISHED,30,2026-08-26 15:00:00,1,2026-09-01 10:59:33,1,2026-09-01 10:59:33,NULL,0x0000000000002C3A
69,2,2,3,6,12,9,23,HOMEWORK,Science Chapter Review,Revise the assigned chapter and answer the review questions.,MEDIUM,2026-08-26 15:00:00,2026-08-29 18:00:00,0,PUBLISHED,30,2026-08-26 15:00:00,1,2026-09-01 10:59:33,1,2026-09-01 10:59:33,NULL,0x0000000000002C3B
70,2,2,3,6,12,10,24,HOMEWORK,Social Science Chapter Review,Revise the assigned chapter and answer the review questions.,MEDIUM,2026-08-26 15:00:00,2026-08-29 18:00:00,0,PUBLISHED,30,2026-08-26 15:00:00,1,2026-09-01 10:59:33,1,2026-09-01 10:59:33,NULL,0x0000000000002C3C
71,2,2,3,6,12,11,23,HOMEWORK,Computer Science Chapter Review,Revise the assigned chapter and answer the review questions.,MEDIUM,2026-08-26 15:00:00,2026-08-29 18:00:00,0,PUBLISHED,30,2026-08-26 15:00:00,1,2026-09-01 10:59:33,1,2026-09-01 10:59:33,NULL,0x0000000000002C3D
72,2,2,3,6,12,12,24,HOMEWORK,Physical Education Chapter Review,Revise the assigned chapter and answer the review questions.,MEDIUM,2026-08-26 15:00:00,2026-08-29 18:00:00,0,PUBLISHED,30,2026-08-26 15:00:00,1,2026-09-01 10:59:33,1,2026-09-01 10:59:33,NULL,0x0000000000002C3E
73,2,2,4,7,13,7,25,HOMEWORK,English Chapter Review,Revise the assigned chapter and answer the review questions.,MEDIUM,2026-08-26 15:00:00,2026-08-29 18:00:00,0,PUBLISHED,30,2026-08-26 15:00:00,1,2026-09-01 10:59:33,1,2026-09-01 10:59:33,NULL,0x0000000000002C3F
74,2,2,4,7,13,8,26,HOMEWORK,Mathematics Chapter Review,Revise the assigned chapter and answer the review questions.,MEDIUM,2026-08-26 15:00:00,2026-08-29 18:00:00,0,PUBLISHED,30,2026-08-26 15:00:00,1,2026-09-01 10:59:33,1,2026-09-01 10:59:33,NULL,0x0000000000002C40
75,2,2,4,7,13,9,25,HOMEWORK,Science Chapter Review,Revise the assigned chapter and answer the review questions.,MEDIUM,2026-08-26 15:00:00,2026-08-29 18:00:00,0,PUBLISHED,30,2026-08-26 15:00:00,1,2026-09-01 10:59:33,1,2026-09-01 10:59:33,NULL,0x0000000000002C41
76,2,2,4,7,13,10,26,HOMEWORK,Social Science Chapter Review,Revise the assigned chapter and answer the review questions.,MEDIUM,2026-08-26 15:00:00,2026-08-29 18:00:00,0,PUBLISHED,30,2026-08-26 15:00:00,1,2026-09-01 10:59:33,1,2026-09-01 10:59:33,NULL,0x0000000000002C42
77,2,2,4,7,13,11,25,HOMEWORK,Computer Science Chapter Review,Revise the assigned chapter and answer the review questions.,MEDIUM,2026-08-26 15:00:00,2026-08-29 18:00:00,0,PUBLISHED,30,2026-08-26 15:00:00,1,2026-09-01 10:59:33,1,2026-09-01 10:59:33,NULL,0x0000000000002C43
78,2,2,4,7,13,12,26,HOMEWORK,Physical Education Chapter Review,Revise the assigned chapter and answer the review questions.,MEDIUM,2026-08-26 15:00:00,2026-08-29 18:00:00,0,PUBLISHED,30,2026-08-26 15:00:00,1,2026-09-01 10:59:33,1,2026-09-01 10:59:33,NULL,0x0000000000002C44
79,2,2,4,7,14,7,27,HOMEWORK,English Chapter Review,Revise the assigned chapter and answer the review questions.,MEDIUM,2026-08-26 15:00:00,2026-08-29 18:00:00,0,PUBLISHED,30,2026-08-26 15:00:00,1,2026-09-01 10:59:33,1,2026-09-01 10:59:33,NULL,0x0000000000002C45
80,2,2,4,7,14,8,28,HOMEWORK,Mathematics Chapter Review,Revise the assigned chapter and answer the review questions.,MEDIUM,2026-08-26 15:00:00,2026-08-29 18:00:00,0,PUBLISHED,30,2026-08-26 15:00:00,1,2026-09-01 10:59:33,1,2026-09-01 10:59:33,NULL,0x0000000000002C46
81,2,2,4,7,14,9,27,HOMEWORK,Science Chapter Review,Revise the assigned chapter and answer the review questions.,MEDIUM,2026-08-26 15:00:00,2026-08-29 18:00:00,0,PUBLISHED,30,2026-08-26 15:00:00,1,2026-09-01 10:59:33,1,2026-09-01 10:59:33,NULL,0x0000000000002C47
82,2,2,4,7,14,10,28,HOMEWORK,Social Science Chapter Review,Revise the assigned chapter and answer the review questions.,MEDIUM,2026-08-26 15:00:00,2026-08-29 18:00:00,0,PUBLISHED,30,2026-08-26 15:00:00,1,2026-09-01 10:59:33,1,2026-09-01 10:59:33,NULL,0x0000000000002C48
83,2,2,4,7,14,11,27,HOMEWORK,Computer Science Chapter Review,Revise the assigned chapter and answer the review questions.,MEDIUM,2026-08-26 15:00:00,2026-08-29 18:00:00,0,PUBLISHED,30,2026-08-26 15:00:00,1,2026-09-01 10:59:33,1,2026-09-01 10:59:33,NULL,0x0000000000002C49
84,2,2,4,7,14,12,28,HOMEWORK,Physical Education Chapter Review,Revise the assigned chapter and answer the review questions.,MEDIUM,2026-08-26 15:00:00,2026-08-29 18:00:00,0,PUBLISHED,30,2026-08-26 15:00:00,1,2026-09-01 10:59:33,1,2026-09-01 10:59:33,NULL,0x0000000000002C4A
85,2,2,4,8,15,7,29,HOMEWORK,English Chapter Review,Revise the assigned chapter and answer the review questions.,MEDIUM,2026-08-26 15:00:00,2026-08-29 18:00:00,0,PUBLISHED,30,2026-08-26 15:00:00,1,2026-09-01 10:59:33,1,2026-09-01 10:59:33,NULL,0x0000000000002C4B
86,2,2,4,8,15,8,30,HOMEWORK,Mathematics Chapter Review,Revise the assigned chapter and answer the review questions.,MEDIUM,2026-08-26 15:00:00,2026-08-29 18:00:00,0,PUBLISHED,30,2026-08-26 15:00:00,1,2026-09-01 10:59:33,1,2026-09-01 10:59:33,NULL,0x0000000000002C4C
87,2,2,4,8,15,9,29,HOMEWORK,Science Chapter Review,Revise the assigned chapter and answer the review questions.,MEDIUM,2026-08-26 15:00:00,2026-08-29 18:00:00,0,PUBLISHED,30,2026-08-26 15:00:00,1,2026-09-01 10:59:33,1,2026-09-01 10:59:33,NULL,0x0000000000002C4D
88,2,2,4,8,15,10,30,HOMEWORK,Social Science Chapter Review,Revise the assigned chapter and answer the review questions.,MEDIUM,2026-08-26 15:00:00,2026-08-29 18:00:00,0,PUBLISHED,30,2026-08-26 15:00:00,1,2026-09-01 10:59:33,1,2026-09-01 10:59:33,NULL,0x0000000000002C4E
89,2,2,4,8,15,11,29,HOMEWORK,Computer Science Chapter Review,Revise the assigned chapter and answer the review questions.,MEDIUM,2026-08-26 15:00:00,2026-08-29 18:00:00,0,PUBLISHED,30,2026-08-26 15:00:00,1,2026-09-01 10:59:33,1,2026-09-01 10:59:33,NULL,0x0000000000002C4F
90,2,2,4,8,15,12,30,HOMEWORK,Physical Education Chapter Review,Revise the assigned chapter and answer the review questions.,MEDIUM,2026-08-26 15:00:00,2026-08-29 18:00:00,0,PUBLISHED,30,2026-08-26 15:00:00,1,2026-09-01 10:59:33,1,2026-09-01 10:59:33,NULL,0x0000000000002C50
91,2,2,4,8,16,7,31,HOMEWORK,English Chapter Review,Revise the assigned chapter and answer the review questions.,MEDIUM,2026-08-26 15:00:00,2026-08-29 18:00:00,0,PUBLISHED,30,2026-08-26 15:00:00,1,2026-09-01 10:59:33,1,2026-09-01 10:59:33,NULL,0x0000000000002C51
92,2,2,4,8,16,8,32,HOMEWORK,Mathematics Chapter Review,Revise the assigned chapter and answer the review questions.,MEDIUM,2026-08-26 15:00:00,2026-08-29 18:00:00,0,PUBLISHED,30,2026-08-26 15:00:00,1,2026-09-01 10:59:33,1,2026-09-01 10:59:33,NULL,0x0000000000002C52
93,2,2,4,8,16,9,31,HOMEWORK,Science Chapter Review,Revise the assigned chapter and answer the review questions.,MEDIUM,2026-08-26 15:00:00,2026-08-29 18:00:00,0,PUBLISHED,30,2026-08-26 15:00:00,1,2026-09-01 10:59:33,1,2026-09-01 10:59:33,NULL,0x0000000000002C53
94,2,2,4,8,16,10,32,HOMEWORK,Social Science Chapter Review,Revise the assigned chapter and answer the review questions.,MEDIUM,2026-08-26 15:00:00,2026-08-29 18:00:00,0,PUBLISHED,30,2026-08-26 15:00:00,1,2026-09-01 10:59:33,1,2026-09-01 10:59:33,NULL,0x0000000000002C54
95,2,2,4,8,16,11,31,HOMEWORK,Computer Science Chapter Review,Revise the assigned chapter and answer the review questions.,MEDIUM,2026-08-26 15:00:00,2026-08-29 18:00:00,0,PUBLISHED,30,2026-08-26 15:00:00,1,2026-09-01 10:59:33,1,2026-09-01 10:59:33,NULL,0x0000000000002C55
96,2,2,4,8,16,12,32,HOMEWORK,Physical Education Chapter Review,Revise the assigned chapter and answer the review questions.,MEDIUM,2026-08-26 15:00:00,2026-08-29 18:00:00,0,PUBLISHED,30,2026-08-26 15:00:00,1,2026-09-01 10:59:33,1,2026-09-01 10:59:33,NULL,0x0000000000002C56
