section_class_teacher_assignment_id,school_id,branch_id,academic_year_id,class_id,section_id,teacher_id,is_active,created_at,created_by,updated_at,updated_by,row_version
1,1,1,1,1,1,1,1,2026-09-01 10:59:33,1,2026-09-01 10:59:33,NULL,0x0000000000002934
2,1,1,1,1,2,3,1,2026-09-01 10:59:33,1,2026-09-01 10:59:33,NULL,0x0000000000002935
3,1,1,1,2,3,5,1,2026-09-01 10:59:33,1,2026-09-01 10:59:33,NULL,0x0000000000002936
4,1,1,1,2,4,7,1,2026-09-01 10:59:33,1,2026-09-01 10:59:33,NULL,0x0000000000002937
5,1,2,1,3,5,9,1,2026-09-01 10:59:33,1,2026-09-01 10:59:33,NULL,0x0000000000002938
6,1,2,1,3,6,11,1,2026-09-01 10:59:33,1,2026-09-01 10:59:33,NULL,0x0000000000002939
7,1,2,1,4,7,13,1,2026-09-01 10:59:33,1,2026-09-01 10:59:33,NULL,0x000000000000293A
8,1,2,1,4,8,15,1,2026-09-01 10:59:33,1,2026-09-01 10:59:33,NULL,0x000000000000293B
9,2,3,2,5,9,17,1,2026-09-01 10:59:33,1,2026-09-01 10:59:33,NULL,0x000000000000293C
10,2,3,2,5,10,19,1,2026-09-01 10:59:33,1,2026-09-01 10:59:33,NULL,0x000000000000293D
11,2,3,2,6,11,21,1,2026-09-01 10:59:33,1,2026-09-01 10:59:33,NULL,0x000000000000293E
12,2,3,2,6,12,23,1,2026-09-01 10:59:33,1,2026-09-01 10:59:33,NULL,0x000000000000293F
13,2,4,2,7,13,25,1,2026-09-01 10:59:33,1,2026-09-01 10:59:33,NULL,0x0000000000002940
14,2,4,2,7,14,27,1,2026-09-01 10:59:33,1,2026-09-01 10:59:33,NULL,0x0000000000002941
15,2,4,2,8,15,29,1,2026-09-01 10:59:33,1,2026-09-01 10:59:33,NULL,0x0000000000002942
16,2,4,2,8,16,31,1,2026-09-01 10:59:33,1,2026-09-01 10:59:33,NULL,0x0000000000002943
