trip_stop_id,trip_id,vehicle_route_id,route_stop_id,stop_sequence,planned_arrival_at,actual_arrival_at,actual_departure_at,delay_minutes,status,created_at,row_version
1,1,1,101,1,2026-08-29 07:10:00,2026-08-29 07:12:00,2026-08-29 07:14:00,2,DEPARTED,2026-09-01 10:59:33,0x0000000000003726
2,1,2,102,2,2026-08-29 07:20:00,2026-08-29 07:22:00,2026-08-29 07:24:00,2,DEPARTED,2026-09-01 10:59:33,0x0000000000003727
3,1,3,103,3,2026-08-29 08:05:00,2026-08-29 08:07:00,2026-08-29 08:09:00,2,DEPARTED,2026-09-01 10:59:33,0x0000000000003728
4,2,4,104,1,2026-08-29 15:10:00,2026-08-29 15:12:00,2026-08-29 15:14:00,2,DEPARTED,2026-09-01 10:59:33,0x0000000000003729
5,2,5,105,2,2026-08-29 15:35:00,2026-08-29 15:37:00,2026-08-29 15:39:00,2,DEPARTED,2026-09-01 10:59:33,0x000000000000372A
6,2,6,106,3,2026-08-29 15:50:00,2026-08-29 15:52:00,2026-08-29 15:54:00,2,DEPARTED,2026-09-01 10:59:33,0x000000000000372B
7,3,7,201,1,2026-08-29 07:10:00,2026-08-29 07:11:00,2026-08-29 07:13:00,1,DEPARTED,2026-09-01 10:59:33,0x000000000000372C
8,3,8,202,2,2026-08-29 07:25:00,2026-08-29 07:26:00,2026-08-29 07:28:00,1,DEPARTED,2026-09-01 10:59:33,0x000000000000372D
9,3,9,203,3,2026-08-29 08:05:00,2026-08-29 08:06:00,2026-08-29 08:08:00,1,DEPARTED,2026-09-01 10:59:33,0x000000000000372E
10,4,10,204,1,2026-08-29 15:10:00,2026-08-29 15:12:00,2026-08-29 15:14:00,2,DEPARTED,2026-09-01 10:59:33,0x000000000000372F
11,4,11,205,2,2026-08-29 15:35:00,2026-08-29 15:37:00,2026-08-29 15:39:00,2,DEPARTED,2026-09-01 10:59:33,0x0000000000003730
12,4,12,206,3,2026-08-29 15:50:00,2026-08-29 15:52:00,2026-08-29 15:54:00,2,DEPARTED,2026-09-01 10:59:33,0x0000000000003731
13,5,13,301,1,2026-08-29 07:10:00,2026-08-29 07:12:00,2026-08-29 07:14:00,2,DEPARTED,2026-09-01 10:59:33,0x0000000000003732
14,5,14,302,2,2026-08-29 07:25:00,2026-08-29 07:27:00,2026-08-29 07:29:00,2,DEPARTED,2026-09-01 10:59:33,0x0000000000003733
15,5,15,303,3,2026-08-29 08:05:00,2026-08-29 08:07:00,2026-08-29 08:09:00,2,DEPARTED,2026-09-01 10:59:33,0x0000000000003734
16,6,16,304,1,2026-08-29 15:10:00,2026-08-29 15:11:00,2026-08-29 15:13:00,1,DEPARTED,2026-09-01 10:59:33,0x0000000000003735
17,6,17,305,2,2026-08-29 15:35:00,2026-08-29 15:36:00,2026-08-29 15:38:00,1,DEPARTED,2026-09-01 10:59:33,0x0000000000003736
18,6,18,306,3,2026-08-29 15:50:00,2026-08-29 15:51:00,2026-08-29 15:53:00,1,DEPARTED,2026-09-01 10:59:33,0x0000000000003737
19,7,19,401,1,2026-08-29 07:10:00,2026-08-29 07:12:00,2026-08-29 07:14:00,2,DEPARTED,2026-09-01 10:59:33,0x0000000000003738
20,7,20,402,2,2026-08-29 07:25:00,2026-08-29 07:27:00,2026-08-29 07:29:00,2,DEPARTED,2026-09-01 10:59:33,0x0000000000003739
21,7,21,403,3,2026-08-29 08:05:00,2026-08-29 08:07:00,2026-08-29 08:09:00,2,DEPARTED,2026-09-01 10:59:33,0x000000000000373A
22,8,22,404,1,2026-08-29 15:10:00,2026-08-29 15:12:00,2026-08-29 15:14:00,2,DEPARTED,2026-09-01 10:59:33,0x000000000000373B
23,8,23,405,2,2026-08-29 15:35:00,2026-08-29 15:37:00,2026-08-29 15:39:00,2,DEPARTED,2026-09-01 10:59:33,0x000000000000373C
24,8,24,406,3,2026-08-29 15:50:00,2026-08-29 15:52:00,2026-08-29 15:54:00,2,DEPARTED,2026-09-01 10:59:33,0x000000000000373D
