vehicle_route_id,school_id,branch_id,vehicle_id,route_code,route_name,route_type,route_stop_id,stop_sequence,stop_name,stop_address,planned_arrival_time,planned_departure_time,status,effective_from,effective_to,is_active,created_at,created_by,updated_at,updated_by,row_version
1,1,1,1,BR1-PU,Central Morning Pickup,PICKUP,101,1,Central Park,Central Park Road,07:10:00,07:12:00,ACTIVE,2026-04-01,NULL,1,2026-09-01 10:59:33,1,2026-09-01 10:59:33,NULL,0x0000000000003706
2,1,1,1,BR1-PU,Central Morning Pickup,PICKUP,102,2,Lake View,Lake View Road,07:20:00,07:22:00,ACTIVE,2026-04-01,NULL,1,2026-09-01 10:59:33,1,2026-09-01 10:59:33,NULL,0x0000000000003707
3,1,1,1,BR1-PU,Central Morning Pickup,PICKUP,103,3,School Gate,Campus Main Gate,08:05:00,08:10:00,ACTIVE,2026-04-01,NULL,1,2026-09-01 10:59:33,1,2026-09-01 10:59:33,NULL,0x0000000000003708
4,1,1,1,BR1-DR,Central Afternoon Drop,DROP,104,1,School Gate,Campus Main Gate,15:10:00,15:12:00,ACTIVE,2026-04-01,NULL,1,2026-09-01 10:59:33,1,2026-09-01 10:59:33,NULL,0x0000000000003709
5,1,1,1,BR1-DR,Central Afternoon Drop,DROP,105,2,Lake View,Lake View Road,15:35:00,15:37:00,ACTIVE,2026-04-01,NULL,1,2026-09-01 10:59:33,1,2026-09-01 10:59:33,NULL,0x000000000000370A
6,1,1,1,BR1-DR,Central Afternoon Drop,DROP,106,3,Central Park,Central Park Road,15:50:00,15:52:00,ACTIVE,2026-04-01,NULL,1,2026-09-01 10:59:33,1,2026-09-01 10:59:33,NULL,0x000000000000370B
7,1,2,2,BR2-PU,North Morning Pickup,PICKUP,201,1,North Park,North Park Road,07:10:00,07:12:00,ACTIVE,2026-04-01,NULL,1,2026-09-01 10:59:33,1,2026-09-01 10:59:33,NULL,0x000000000000370C
8,1,2,2,BR2-PU,North Morning Pickup,PICKUP,202,2,Green Colony,Green Colony Road,07:25:00,07:27:00,ACTIVE,2026-04-01,NULL,1,2026-09-01 10:59:33,1,2026-09-01 10:59:33,NULL,0x000000000000370D
9,1,2,2,BR2-PU,North Morning Pickup,PICKUP,203,3,North Campus Gate,Campus Main Gate,08:05:00,08:10:00,ACTIVE,2026-04-01,NULL,1,2026-09-01 10:59:33,1,2026-09-01 10:59:33,NULL,0x000000000000370E
10,1,2,2,BR2-DR,North Afternoon Drop,DROP,204,1,North Campus Gate,Campus Main Gate,15:10:00,15:12:00,ACTIVE,2026-04-01,NULL,1,2026-09-01 10:59:33,1,2026-09-01 10:59:33,NULL,0x000000000000370F
11,1,2,2,BR2-DR,North Afternoon Drop,DROP,205,2,Green Colony,Green Colony Road,15:35:00,15:37:00,ACTIVE,2026-04-01,NULL,1,2026-09-01 10:59:33,1,2026-09-01 10:59:33,NULL,0x0000000000003710
12,1,2,2,BR2-DR,North Afternoon Drop,DROP,206,3,North Park,North Park Road,15:50:00,15:52:00,ACTIVE,2026-04-01,NULL,1,2026-09-01 10:59:33,1,2026-09-01 10:59:33,NULL,0x0000000000003711
13,2,3,3,BR3-PU,City Morning Pickup,PICKUP,301,1,City Center,City Center Road,07:10:00,07:12:00,ACTIVE,2026-04-01,NULL,1,2026-09-01 10:59:33,1,2026-09-01 10:59:33,NULL,0x0000000000003712
14,2,3,3,BR3-PU,City Morning Pickup,PICKUP,302,2,River Road,River Road,07:25:00,07:27:00,ACTIVE,2026-04-01,NULL,1,2026-09-01 10:59:33,1,2026-09-01 10:59:33,NULL,0x0000000000003713
15,2,3,3,BR3-PU,City Morning Pickup,PICKUP,303,3,City Campus Gate,Campus Main Gate,08:05:00,08:10:00,ACTIVE,2026-04-01,NULL,1,2026-09-01 10:59:33,1,2026-09-01 10:59:33,NULL,0x0000000000003714
16,2,3,3,BR3-DR,City Afternoon Drop,DROP,304,1,City Campus Gate,Campus Main Gate,15:10:00,15:12:00,ACTIVE,2026-04-01,NULL,1,2026-09-01 10:59:33,1,2026-09-01 10:59:33,NULL,0x0000000000003715
17,2,3,3,BR3-DR,City Afternoon Drop,DROP,305,2,River Road,River Road,15:35:00,15:37:00,ACTIVE,2026-04-01,NULL,1,2026-09-01 10:59:33,1,2026-09-01 10:59:33,NULL,0x0000000000003716
18,2,3,3,BR3-DR,City Afternoon Drop,DROP,306,3,City Center,City Center Road,15:50:00,15:52:00,ACTIVE,2026-04-01,NULL,1,2026-09-01 10:59:33,1,2026-09-01 10:59:33,NULL,0x0000000000003717
19,2,4,4,BR4-PU,Lake Morning Pickup,PICKUP,401,1,Lake Colony,Lake Colony Road,07:10:00,07:12:00,ACTIVE,2026-04-01,NULL,1,2026-09-01 10:59:33,1,2026-09-01 10:59:33,NULL,0x0000000000003718
20,2,4,4,BR4-PU,Lake Morning Pickup,PICKUP,402,2,Green Hills,Green Hills Road,07:25:00,07:27:00,ACTIVE,2026-04-01,NULL,1,2026-09-01 10:59:33,1,2026-09-01 10:59:33,NULL,0x0000000000003719
21,2,4,4,BR4-PU,Lake Morning Pickup,PICKUP,403,3,Lake Campus Gate,Campus Main Gate,08:05:00,08:10:00,ACTIVE,2026-04-01,NULL,1,2026-09-01 10:59:33,1,2026-09-01 10:59:33,NULL,0x000000000000371A
22,2,4,4,BR4-DR,Lake Afternoon Drop,DROP,404,1,Lake Campus Gate,Campus Main Gate,15:10:00,15:12:00,ACTIVE,2026-04-01,NULL,1,2026-09-01 10:59:33,1,2026-09-01 10:59:33,NULL,0x000000000000371B
23,2,4,4,BR4-DR,Lake Afternoon Drop,DROP,405,2,Green Hills,Green Hills Road,15:35:00,15:37:00,ACTIVE,2026-04-01,NULL,1,2026-09-01 10:59:33,1,2026-09-01 10:59:33,NULL,0x000000000000371C
24,2,4,4,BR4-DR,Lake Afternoon Drop,DROP,406,3,Lake Colony,Lake Colony Road,15:50:00,15:52:00,ACTIVE,2026-04-01,NULL,1,2026-09-01 10:59:33,1,2026-09-01 10:59:33,NULL,0x000000000000371D
