speed_measurement_id,trip_id,vehicle_id,recorded_at,speed_kmh,created_at
1,1,1,2026-08-29 07:10:00,30.00,2026-09-01 10:59:33
2,1,1,2026-08-29 07:20:00,35.00,2026-09-01 10:59:33
3,1,1,2026-08-29 07:30:00,40.00,2026-09-01 10:59:33
4,2,1,2026-08-29 15:10:00,33.00,2026-09-01 10:59:33
5,2,1,2026-08-29 15:20:00,38.00,2026-09-01 10:59:33
6,2,1,2026-08-29 15:30:00,43.00,2026-09-01 10:59:33
7,3,2,2026-08-29 07:10:00,36.00,2026-09-01 10:59:33
8,3,2,2026-08-29 07:20:00,41.00,2026-09-01 10:59:33
9,3,2,2026-08-29 07:30:00,46.00,2026-09-01 10:59:33
10,4,2,2026-08-29 15:10:00,39.00,2026-09-01 10:59:33
11,4,2,2026-08-29 15:20:00,44.00,2026-09-01 10:59:33
12,4,2,2026-08-29 15:30:00,49.00,2026-09-01 10:59:33
13,5,3,2026-08-29 07:10:00,42.00,2026-09-01 10:59:33
14,5,3,2026-08-29 07:20:00,47.00,2026-09-01 10:59:33
15,5,3,2026-08-29 07:30:00,52.00,2026-09-01 10:59:33
16,6,3,2026-08-29 15:10:00,45.00,2026-09-01 10:59:33
17,6,3,2026-08-29 15:20:00,50.00,2026-09-01 10:59:33
18,6,3,2026-08-29 15:30:00,55.00,2026-09-01 10:59:33
19,7,4,2026-08-29 07:10:00,48.00,2026-09-01 10:59:33
20,7,4,2026-08-29 07:20:00,53.00,2026-09-01 10:59:33
21,7,4,2026-08-29 07:30:00,58.00,2026-09-01 10:59:33
22,8,4,2026-08-29 15:10:00,51.00,2026-09-01 10:59:33
23,8,4,2026-08-29 15:20:00,56.00,2026-09-01 10:59:33
24,8,4,2026-08-29 15:30:00,23.00,2026-09-01 10:59:33
