fee_structure_other_id,school_id,branch_id,academic_year_id,class_id,fee_category_code,total_amount,due_date,status,is_active,created_at,created_by,updated_at,updated_by,row_version
1,1,1,1,1,EXAM,1500.00,2026-08-10,ACTIVE,1,2026-09-01 10:59:33,1,2026-09-01 10:59:33,NULL,0x0000000000003772
2,1,1,1,1,LIBRARY,800.00,2026-08-10,ACTIVE,1,2026-09-01 10:59:33,1,2026-09-01 10:59:33,NULL,0x0000000000003773
3,1,1,1,1,SPORTS,1000.00,2026-08-10,ACTIVE,1,2026-09-01 10:59:33,1,2026-09-01 10:59:33,NULL,0x0000000000003774
4,1,1,1,2,EXAM,1500.00,2026-08-10,ACTIVE,1,2026-09-01 10:59:33,1,2026-09-01 10:59:33,NULL,0x0000000000003775
5,1,1,1,2,LIBRARY,800.00,2026-08-10,ACTIVE,1,2026-09-01 10:59:33,1,2026-09-01 10:59:33,NULL,0x0000000000003776
6,1,1,1,2,SPORTS,1000.00,2026-08-10,ACTIVE,1,2026-09-01 10:59:33,1,2026-09-01 10:59:33,NULL,0x0000000000003777
7,1,2,1,3,EXAM,1500.00,2026-08-10,ACTIVE,1,2026-09-01 10:59:33,1,2026-09-01 10:59:33,NULL,0x0000000000003778
8,1,2,1,3,LIBRARY,800.00,2026-08-10,ACTIVE,1,2026-09-01 10:59:33,1,2026-09-01 10:59:33,NULL,0x0000000000003779
9,1,2,1,3,SPORTS,1000.00,2026-08-10,ACTIVE,1,2026-09-01 10:59:33,1,2026-09-01 10:59:33,NULL,0x000000000000377A
10,1,2,1,4,EXAM,1500.00,2026-08-10,ACTIVE,1,2026-09-01 10:59:33,1,2026-09-01 10:59:33,NULL,0x000000000000377B
11,1,2,1,4,LIBRARY,800.00,2026-08-10,ACTIVE,1,2026-09-01 10:59:33,1,2026-09-01 10:59:33,NULL,0x000000000000377C
12,1,2,1,4,SPORTS,1000.00,2026-08-10,ACTIVE,1,2026-09-01 10:59:33,1,2026-09-01 10:59:33,NULL,0x000000000000377D
13,2,3,2,5,EXAM,1500.00,2026-08-10,ACTIVE,1,2026-09-01 10:59:33,1,2026-09-01 10:59:33,NULL,0x000000000000377E
14,2,3,2,5,LIBRARY,800.00,2026-08-10,ACTIVE,1,2026-09-01 10:59:33,1,2026-09-01 10:59:33,NULL,0x000000000000377F
15,2,3,2,5,SPORTS,1000.00,2026-08-10,ACTIVE,1,2026-09-01 10:59:33,1,2026-09-01 10:59:33,NULL,0x0000000000003780
16,2,3,2,6,EXAM,1500.00,2026-08-10,ACTIVE,1,2026-09-01 10:59:33,1,2026-09-01 10:59:33,NULL,0x0000000000003781
17,2,3,2,6,LIBRARY,800.00,2026-08-10,ACTIVE,1,2026-09-01 10:59:33,1,2026-09-01 10:59:33,NULL,0x0000000000003782
18,2,3,2,6,SPORTS,1000.00,2026-08-10,ACTIVE,1,2026-09-01 10:59:33,1,2026-09-01 10:59:33,NULL,0x0000000000003783
19,2,4,2,7,EXAM,1500.00,2026-08-10,ACTIVE,1,2026-09-01 10:59:33,1,2026-09-01 10:59:33,NULL,0x0000000000003784
20,2,4,2,7,LIBRARY,800.00,2026-08-10,ACTIVE,1,2026-09-01 10:59:33,1,2026-09-01 10:59:33,NULL,0x0000000000003785
21,2,4,2,7,SPORTS,1000.00,2026-08-10,ACTIVE,1,2026-09-01 10:59:33,1,2026-09-01 10:59:33,NULL,0x0000000000003786
22,2,4,2,8,EXAM,1500.00,2026-08-10,ACTIVE,1,2026-09-01 10:59:33,1,2026-09-01 10:59:33,NULL,0x0000000000003787
23,2,4,2,8,LIBRARY,800.00,2026-08-10,ACTIVE,1,2026-09-01 10:59:33,1,2026-09-01 10:59:33,NULL,0x0000000000003788
24,2,4,2,8,SPORTS,1000.00,2026-08-10,ACTIVE,1,2026-09-01 10:59:33,1,2026-09-01 10:59:33,NULL,0x0000000000003789
